,Symbol,Series,Date,Prev Close,Open Price,High Price,Low Price,Last Price,Close Price,Average Price,Total Traded Quantity,Turnover,No. of Trades,Deliverable Qty,% Dly Qt to Traded Qty,LastPrice_imputed,Year
0,HDFCBANK,EQ,15-06,1151.85,1155.0,1170.9,1153.2,1168.0,1169.55,1162.38,761456,885102790.95,18995,473129,62.13,False,2016
1,HDFCBANK,EQ,16-06,1169.55,1166.55,1168.85,1155.35,1160.75,1162.15,1162.8,1181942,1374366879.35,29029,735044,62.19,False,2016
2,HDFCBANK,EQ,17-06,1162.15,1167.0,1178.0,1165.55,1171.1,1170.0,1172.49,940413,1102623949.1,16726,560769,59.63,False,2016
3,HDFCBANK,EQ,20-06,1170.0,1159.0,1179.25,1158.8,1170.0,1172.05,1172.16,685691,803741569.3,21802,357602,52.15,False,2016
4,HDFCBANK,EQ,21-06,1172.05,1175.0,1175.45,1161.2,1164.3,1166.65,1166.05,667742,778619035.6,12721,356707,53.42,False,2016
5,HDFCBANK,EQ,22-06,1166.65,1166.0,1175.0,1166.0,1169.1,1171.5,1171.63,950960,1114176752.65,31558,634707,66.74,False,2016
6,HDFCBANK,EQ,23-06,1171.5,1169.8,1191.85,1167.5,1191.5,1190.1,1184.36,981683,1162668048.2,18772,577439,58.82,False,2016
7,HDFCBANK,EQ,24-06,1190.1,1159.85,1171.9,1147.0,1161.0,1161.9,1154.94,2793491,3226301497.9,53496,1700254,60.86,False,2016
8,HDFCBANK,EQ,27-06,1161.9,1162.0,1169.0,1153.05,1160.0,1159.95,1162.11,1040947,1209693980.0,26122,618389,59.41,False,2016
9,HDFCBANK,EQ,28-06,1159.95,1161.25,1173.1,1150.0,1169.3,1166.95,1168.27,1008745,1178482693.4,28328,561927,55.71,False,2016
10,HDFCBANK,EQ,29-06,1166.95,1165.0,1169.5,1159.7,1168.0,1168.3,1165.87,1355167,1579948212.3,39547,947929,69.95,False,2016
11,HDFCBANK,EQ,30-06,1168.3,1171.0,1180.0,1162.15,1173.6,1176.45,1172.0,4069723,4769717489.65,52900,3251396,79.89,False,2016
12,HDFCBANK,IL,30-06,1377.1,1361.5,1366.5,1361.5,1364.85,1364.85,1364.83,186000,253859000.0,3,186000,100.0,True,2016
13,HDFCBANK,EQ,01-07,1176.45,1180.0,1185.0,1171.8,1174.95,1174.5,1180.29,1076219,1270255524.85,34548,656180,60.97,False,2016
14,HDFCBANK,EQ,04-07,1174.5,1178.2,1179.5,1171.4,1173.85,1172.8,1175.22,1812463,2130050821.55,37185,1408369,77.7,False,2016
15,HDFCBANK,EQ,05-07,1172.8,1172.8,1174.3,1162.0,1168.75,1165.6,1165.93,534082,622703221.2,20065,284398,53.25,False,2016
16,HDFCBANK,IL,05-07,1364.85,1368.0,1368.0,1368.0,1368.0,1368.0,1368.0,621100,849664800.0,38,621100,100.0,True,2016
17,HDFCBANK,EQ,07-07,1165.6,1167.9,1188.75,1160.9,1184.7,1185.65,1179.86,1208154,1425449236.0,15087,778136,64.41,False,2016
18,HDFCBANK,EQ,08-07,1185.65,1185.1,1185.6,1171.25,1175.4,1174.85,1174.8,779717,916014247.7,14452,515839,66.16,False,2016
19,HDFCBANK,IL,08-07,1368.0,1385.0,1385.0,1385.0,1385.0,1385.0,1385.0,783010,1084468850.0,21,783010,100.0,True,2016
20,HDFCBANK,EQ,11-07,1174.85,1186.0,1201.9,1181.05,1201.0,1199.75,1196.78,1275633,1526656787.15,24406,788527,61.81,False,2016
21,HDFCBANK,EQ,12-07,1199.75,1209.9,1209.9,1195.55,1202.0,1202.15,1199.97,1761508,2113755121.1,21529,1117369,63.43,False,2016
22,HDFCBANK,IL,12-07,1385.0,1200.0,1200.0,1200.0,1200.0,1200.0,1200.0,20,24000.0,1,20,100.0,True,2016
23,HDFCBANK,EQ,13-07,1202.15,1199.8,1201.95,1193.3,1198.1,1197.75,1198.59,1671768,2003767689.8,30747,1217492,72.83,False,2016
24,HDFCBANK,EQ,14-07,1197.75,1201.0,1202.15,1192.2,1199.55,1200.35,1197.06,864917,1035361851.6,10539,539373,62.36,False,2016
25,HDFCBANK,EQ,15-07,1200.35,1203.8,1226.0,1195.1,1226.0,1223.7,1215.63,1443554,1754828459.8,31861,911594,63.15,False,2016
26,HDFCBANK,EQ,18-07,1223.7,1225.0,1238.5,1222.65,1225.0,1227.45,1231.23,1109621,1366204134.3,23823,547041,49.3,False,2016
27,HDFCBANK,EQ,19-07,1227.45,1229.0,1230.75,1213.85,1220.15,1218.35,1219.12,646501,788160942.85,14608,352407,54.51,False,2016
28,HDFCBANK,EQ,20-07,1218.35,1223.0,1238.5,1221.75,1231.55,1232.2,1233.42,1172583,1446281684.9,27727,802714,68.46,False,2016
29,HDFCBANK,EQ,21-07,1232.2,1230.7,1239.9,1222.5,1230.3,1228.6,1230.13,2278226,2802515288.0,52777,816709,35.85,False,2016
30,HDFCBANK,EQ,22-07,1228.6,1233.35,1234.65,1221.5,1234.55,1230.8,1228.13,1405068,1725612317.45,31672,747279,53.18,False,2016
31,HDFCBANK,EQ,25-07,1230.8,1233.0,1249.45,1227.0,1245.0,1246.95,1239.8,2468221,3060092569.65,27888,1714655,69.47,False,2016
32,HDFCBANK,EQ,26-07,1246.95,1242.4,1245.65,1235.15,1239.5,1238.8,1241.44,1416498,1758498126.2,20342,1029668,72.69,False,2016
33,HDFCBANK,EQ,27-07,1238.8,1241.0,1247.55,1230.0,1234.4,1236.95,1237.51,2683684,3321092302.2,30172,2103661,78.39,False,2016
34,HDFCBANK,EQ,28-07,1236.95,1238.0,1251.25,1235.55,1251.0,1248.45,1244.62,2661632,3312727179.9,28041,1462637,54.95,False,2016
35,HDFCBANK,EQ,29-07,1248.45,1248.0,1250.0,1235.0,1248.5,1246.2,1242.04,848919,1054392098.55,22969,583148,68.69,False,2016
36,HDFCBANK,IL,29-07,1200.0,1476.0,1476.0,1470.0,1470.0,1470.0,1474.36,2750000,4054500000.0,83,2750000,100.0,True,2016
37,HDFCBANK,EQ,01-08,1246.2,1249.0,1258.95,1227.65,1244.9,1242.3,1242.97,1390216,1727991430.0,25393,865109,62.23,False,2016
38,HDFCBANK,EQ,02-08,1242.3,1247.0,1256.45,1240.4,1245.1,1243.3,1245.35,1332349,1659238435.4,30516,818847,61.46,False,2016
39,HDFCBANK,EQ,03-08,1243.3,1241.1,1249.95,1231.0,1239.85,1240.45,1243.11,1183469,1471181706.05,15957,772726,65.29,False,2016
40,HDFCBANK,EQ,04-08,1240.45,1246.6,1246.7,1233.6,1244.55,1241.0,1239.31,1165720,1444687610.25,17692,783541,67.22,False,2016
41,HDFCBANK,EQ,05-08,1241.0,1247.4,1255.65,1241.75,1250.2,1249.25,1249.05,1446228,1806410416.05,13522,939905,64.99,False,2016
42,HDFCBANK,EQ,08-08,1249.25,1252.9,1255.0,1244.55,1248.2,1249.6,1249.91,1182194,1477640836.7,27746,909882,76.97,False,2016
43,HDFCBANK,EQ,09-08,1249.6,1252.9,1252.9,1237.7,1245.5,1247.2,1245.95,1052714,1311632914.25,17029,704276,66.9,False,2016
44,HDFCBANK,EQ,10-08,1247.2,1245.0,1250.95,1219.75,1224.0,1226.9,1231.7,904930,1114604307.8,12152,597502,66.03,False,2016
45,HDFCBANK,EQ,11-08,1226.9,1226.8,1235.0,1222.0,1229.0,1228.25,1229.93,714018,878191598.35,19268,475548,66.6,False,2016
46,HDFCBANK,EQ,12-08,1228.25,1231.05,1235.0,1219.4,1227.8,1228.7,1227.8,1160374,1424710572.1,14889,654990,56.45,False,2016
47,HDFCBANK,EQ,16-08,1228.7,1233.0,1238.45,1213.8,1226.5,1227.3,1225.63,867142,1062798488.75,15518,455081,52.48,False,2016
48,HDFCBANK,EQ,17-08,1227.3,1233.4,1237.5,1226.0,1236.25,1234.9,1231.98,1377759,1697377754.9,23582,1022149,74.19,False,2016
49,HDFCBANK,EQ,18-08,1234.9,1238.0,1254.9,1234.55,1250.0,1252.5,1247.8,1527914,1906537631.05,20416,1054938,69.04,False,2016
50,HDFCBANK,EQ,19-08,1252.5,1250.0,1250.0,1241.45,1249.0,1247.1,1246.73,1027659,1281217004.25,18849,787850,76.66,False,2016
51,HDFCBANK,EQ,22-08,1247.1,1245.05,1254.45,1241.0,1251.95,1250.3,1247.87,1375323,1716223179.15,26039,996127,72.43,False,2016
52,HDFCBANK,EQ,23-08,1250.3,1251.0,1254.0,1246.05,1254.0,1251.45,1249.58,1328631,1660230734.1,24934,996873,75.03,False,2016
53,HDFCBANK,EQ,24-08,1251.45,1252.05,1264.2,1247.05,1262.25,1261.8,1253.34,1392734,1745564106.5,25642,1005355,72.19,False,2016
54,HDFCBANK,EQ,25-08,1261.8,1264.0,1266.8,1254.3,1259.0,1258.55,1259.5,2182472,2748817761.7,42590,1613038,73.91,False,2016
55,HDFCBANK,EQ,26-08,1258.55,1260.0,1261.9,1253.9,1254.15,1257.1,1257.34,630284,792483537.95,17382,401297,63.67,False,2016
56,HDFCBANK,EQ,29-08,1257.1,1255.5,1255.5,1236.2,1238.55,1238.1,1241.38,736046,913713665.75,20786,424033,57.61,False,2016
57,HDFCBANK,EQ,30-08,1238.1,1245.1,1270.5,1243.95,1270.5,1268.65,1260.07,2466902,3108473874.3,42110,1795458,72.78,False,2016
58,HDFCBANK,EQ,31-08,1268.65,1269.0,1295.0,1265.5,1291.0,1291.2,1280.94,2790341,3574261805.15,51707,2051083,73.51,False,2016
59,HDFCBANK,EQ,01-09,1291.2,1288.0,1290.0,1275.4,1285.55,1283.7,1283.34,1306169,1676260302.75,23871,743006,56.88,False,2016
60,HDFCBANK,EQ,02-09,1283.7,1285.5,1289.0,1281.15,1286.1,1285.1,1285.3,988797,1270896738.75,41785,593274,60.0,False,2016
61,HDFCBANK,EQ,06-09,1285.1,1290.05,1303.9,1290.05,1300.65,1300.4,1298.04,1377221,1787686753.65,20035,825838,59.96,False,2016
62,HDFCBANK,EQ,07-09,1300.4,1301.0,1305.0,1283.1,1291.35,1286.75,1290.82,1004111,1296125074.25,14781,600689,59.82,False,2016
63,HDFCBANK,IL,07-09,1470.0,1430.4,1585.0,1430.4,1585.0,1585.0,1584.99,118341,187569712.0,6,118341,100.0,True,2016
64,HDFCBANK,EQ,08-09,1286.75,1290.0,1295.25,1283.6,1290.8,1289.4,1288.25,726345,935717252.9,13267,416910,57.4,False,2016
65,HDFCBANK,IL,08-09,1585.0,1550.0,1550.0,1550.0,1550.0,1550.0,1550.0,25000,38750000.0,2,25000,100.0,True,2016
66,HDFCBANK,EQ,09-09,1289.4,1290.0,1294.5,1278.3,1290.0,1290.4,1286.5,1003442,1290930474.9,18366,518737,51.7,False,2016
67,HDFCBANK,EQ,12-09,1290.4,1274.7,1284.4,1271.5,1279.6,1279.9,1278.7,996432,1274140267.25,22924,642693,64.5,False,2016
68,HDFCBANK,EQ,14-09,1279.9,1275.0,1277.0,1265.4,1272.0,1269.45,1270.7,962377,1222890825.55,29388,588057,61.1,False,2016
69,HDFCBANK,EQ,15-09,1269.45,1272.0,1283.9,1269.85,1282.9,1279.6,1277.55,875453,1118434719.9,17311,438917,50.14,False,2016
70,HDFCBANK,IL,15-09,1550.0,1500.0,1500.0,1500.0,1500.0,1500.0,1500.0,13176,19764000.0,1,13176,100.0,True,2016
71,HDFCBANK,EQ,16-09,1279.6,1283.8,1304.5,1283.8,1297.5,1297.85,1299.0,1631454,2119265576.0,20805,956112,58.6,False,2016
72,HDFCBANK,EQ,19-09,1297.85,1297.0,1302.5,1288.0,1289.65,1290.15,1292.84,1473708,1905270035.95,19964,877259,59.53,False,2016
73,HDFCBANK,EQ,20-09,1290.15,1292.65,1295.0,1284.05,1290.35,1288.45,1287.73,944562,1216338142.1,24113,602166,63.75,False,2016
74,HDFCBANK,EQ,21-09,1288.45,1292.0,1298.0,1287.9,1292.2,1293.0,1292.9,1064100,1375773384.75,15081,736133,69.18,False,2016
75,HDFCBANK,EQ,22-09,1293.0,1305.0,1316.95,1300.55,1305.05,1306.9,1307.09,1638950,2142251822.1,28635,1088588,66.42,False,2016
76,HDFCBANK,EQ,23-09,1306.9,1306.05,1318.45,1301.5,1312.0,1312.7,1313.78,1219202,1601767722.1,17341,810532,66.48,False,2016
77,HDFCBANK,EQ,26-09,1312.7,1306.1,1308.9,1293.7,1299.0,1296.15,1299.36,1394193,1811552614.45,30025,927614,66.53,False,2016
78,HDFCBANK,IL,26-09,1500.0,1505.0,1505.0,1505.0,1505.0,1505.0,1505.0,250000,376250000.0,5,250000,100.0,True,2016
79,HDFCBANK,EQ,27-09,1296.15,1299.0,1306.15,1294.85,1300.0,1298.05,1300.13,1014203,1318598157.5,16739,633681,62.48,False,2016
80,HDFCBANK,EQ,28-09,1298.05,1299.9,1300.0,1289.0,1295.9,1295.25,1293.9,1247413,1614023599.7,18159,891213,71.44,False,2016
81,HDFCBANK,IL,28-09,1505.0,1491.0,1495.0,1491.0,1495.0,1495.0,1493.4,125000,186675000.0,3,50000,40.0,True,2016
82,HDFCBANK,EQ,29-09,1295.25,1297.95,1306.0,1267.95,1274.65,1277.5,1286.23,4112503,5289632724.1,40928,2631309,63.98,False,2016
83,HDFCBANK,EQ,30-09,1277.5,1277.1,1281.0,1267.4,1275.0,1272.85,1274.04,1034607,1318134256.25,17526,656138,63.42,False,2016
84,HDFCBANK,IL,30-09,1495.0,1470.0,1470.0,1470.0,1470.0,1470.0,1470.0,48900,71883000.0,1,48900,100.0,True,2016
85,HDFCBANK,EQ,03-10,1272.85,1281.0,1289.9,1276.4,1288.25,1287.2,1285.29,975137,1253337218.2,37847,646490,66.3,False,2016
86,HDFCBANK,EQ,04-10,1287.2,1288.6,1295.0,1282.3,1291.0,1289.55,1287.73,693878,893528312.8,8760,379221,54.65,False,2016
87,HDFCBANK,EQ,05-10,1289.55,1298.0,1300.05,1276.4,1285.85,1286.1,1282.96,911755,1169747378.55,10082,623996,68.44,False,2016
88,HDFCBANK,EQ,06-10,1286.1,1287.1,1295.6,1279.05,1282.85,1281.95,1288.88,723928,933054994.75,16424,460882,63.66,False,2016
89,HDFCBANK,EQ,07-10,1281.95,1284.0,1287.75,1276.25,1281.7,1280.6,1280.57,834366,1068466168.35,12895,582708,69.84,False,2016
90,HDFCBANK,EQ,10-10,1280.6,1285.0,1287.9,1278.75,1284.6,1284.35,1283.13,1179828,1513870361.05,18299,817723,69.31,False,2016
91,HDFCBANK,EQ,13-10,1284.35,1279.0,1279.0,1256.45,1264.6,1262.75,1264.59,1129839,1428779001.65,32564,745661,66.0,False,2016
92,HDFCBANK,EQ,14-10,1262.75,1265.75,1268.0,1254.0,1263.45,1261.8,1262.52,1016779,1283699228.3,22831,534887,52.61,False,2016
93,HDFCBANK,EQ,17-10,1261.8,1265.5,1266.4,1232.75,1239.05,1237.7,1240.43,1283840,1592516894.8,40697,690840,53.81,False,2016
94,HDFCBANK,EQ,18-10,1237.7,1243.2,1260.0,1239.0,1255.3,1257.85,1249.52,652742,815616206.55,21674,330809,50.68,False,2016
95,HDFCBANK,EQ,19-10,1257.85,1261.1,1263.0,1248.0,1257.65,1258.35,1256.12,761226,956189367.45,15551,414858,54.5,False,2016
96,HDFCBANK,EQ,20-10,1258.35,1260.25,1267.45,1251.0,1258.75,1255.5,1256.82,800089,1005570810.05,20540,392105,49.01,False,2016
97,HDFCBANK,EQ,21-10,1255.5,1256.0,1272.95,1250.0,1269.0,1270.7,1262.49,989102,1248736024.7,30754,730276,73.83,False,2016
98,HDFCBANK,EQ,24-10,1270.7,1271.75,1276.85,1261.05,1265.0,1263.55,1268.36,813916,1032337097.05,15193,417403,51.28,False,2016
99,HDFCBANK,EQ,25-10,1263.55,1268.0,1268.0,1244.05,1247.55,1250.3,1253.22,1375449,1723734478.35,31031,457737,33.28,False,2016
100,HDFCBANK,EQ,26-10,1250.3,1243.35,1265.0,1235.05,1244.95,1239.3,1243.37,1341635,1668150326.0,27179,836559,62.35,False,2016
101,HDFCBANK,EQ,27-10,1239.3,1239.0,1257.0,1224.15,1249.0,1252.1,1239.38,2905965,3601587620.45,32769,1795031,61.77,False,2016
102,HDFCBANK,EQ,28-10,1252.1,1254.5,1261.9,1240.1,1259.0,1259.05,1255.19,1330134,1669576079.95,17769,912089,68.57,False,2016
103,HDFCBANK,EQ,30-10,1259.05,1263.3,1263.3,1250.0,1251.85,1253.3,1255.81,191554,240555192.7,5456,104344,54.47,False,2016
104,HDFCBANK,EQ,01-11,1253.3,1256.0,1263.85,1247.05,1260.0,1259.8,1258.64,850604,1070608085.2,18123,550346,64.7,False,2016
105,HDFCBANK,EQ,02-11,1259.8,1251.1,1255.7,1241.5,1246.9,1246.15,1250.99,1618608,2024856979.05,33950,1098455,67.86,False,2016
106,HDFCBANK,EQ,03-11,1246.15,1245.0,1260.0,1231.75,1253.0,1254.95,1252.72,1578953,1977982866.05,39774,1205805,76.37,False,2016
107,HDFCBANK,EQ,04-11,1254.95,1252.8,1252.8,1241.75,1242.9,1243.7,1247.18,1433730,1788123264.7,29700,1047005,73.03,False,2016
108,HDFCBANK,EQ,07-11,1243.7,1252.0,1254.85,1240.0,1250.3,1249.45,1246.08,1417848,1766756336.45,26007,930814,65.65,False,2016
109,HDFCBANK,EQ,08-11,1249.45,1251.1,1258.0,1240.1,1255.05,1254.3,1248.47,1337041,1669259544.25,34112,869565,65.04,False,2016
110,HDFCBANK,EQ,09-11,1254.3,1200.0,1257.4,1195.35,1255.1,1251.25,1240.03,3411367,4230183026.5,57210,1409538,41.32,False,2016
111,HDFCBANK,EQ,10-11,1251.25,1263.75,1283.0,1254.1,1277.5,1278.55,1271.69,2675184,3402004225.4,35751,1582774,59.17,False,2016
112,HDFCBANK,EQ,11-11,1278.55,1274.0,1282.0,1265.6,1278.0,1275.8,1275.07,1784830,2275777463.3,29969,1026486,57.51,False,2016
113,HDFCBANK,EQ,15-11,1275.8,1277.5,1289.0,1250.65,1253.3,1254.75,1266.17,3128131,3960757883.95,52081,2079319,66.47,False,2016
114,HDFCBANK,IL,15-11,1470.0,1443.0,1443.0,1443.0,1443.0,1443.0,1443.0,100000,144300000.0,2,100000,100.0,True,2016
115,HDFCBANK,EQ,16-11,1254.75,1268.0,1268.0,1240.05,1242.0,1244.35,1246.95,2161936,2695817214.85,43303,1347487,62.33,False,2016
116,HDFCBANK,IL,16-11,1443.0,1420.0,1421.0,1415.0,1415.0,1415.0,1419.62,39000,55365000.0,9,39000,100.0,True,2016
117,HDFCBANK,EQ,17-11,1244.35,1238.3,1248.9,1225.15,1234.0,1230.2,1233.17,1203906,1484624000.3,40898,713174,59.24,False,2016
118,HDFCBANK,EQ,18-11,1230.2,1236.0,1236.0,1209.2,1212.0,1211.4,1219.74,1719975,2097928317.5,50664,1204073,70.01,False,2016
119,HDFCBANK,EQ,21-11,1211.4,1219.5,1219.5,1188.35,1199.95,1198.7,1197.85,1388130,1662776419.1,36830,716391,51.61,False,2016
120,HDFCBANK,EQ,22-11,1198.7,1206.8,1206.8,1189.35,1199.0,1198.05,1195.59,2504446,2994293470.7,36415,1317106,52.59,False,2016
121,HDFCBANK,EQ,23-11,1198.05,1203.0,1203.0,1181.1,1181.6,1184.75,1189.84,883173,1050838577.25,18697,516917,58.53,False,2016
122,HDFCBANK,EQ,24-11,1184.75,1184.0,1186.3,1160.9,1165.35,1165.5,1168.7,3821499,4466192463.85,34200,2597823,67.98,False,2016
123,HDFCBANK,EQ,25-11,1165.5,1169.0,1193.2,1158.0,1186.1,1189.3,1176.81,1492490,1756380562.35,36072,928278,62.2,False,2016
124,HDFCBANK,IL,25-11,1415.0,1382.0,1382.0,1382.0,1382.0,1382.0,1382.0,140000,193480000.0,5,140000,100.0,True,2016
125,HDFCBANK,EQ,28-11,1189.3,1180.25,1198.9,1178.1,1183.5,1184.45,1189.76,1032545,1228481872.85,21122,605555,58.65,False,2016
126,HDFCBANK,EQ,29-11,1184.45,1184.7,1192.95,1176.5,1179.4,1178.75,1185.09,983161,1165132217.5,22206,641562,65.26,False,2016
127,HDFCBANK,EQ,30-11,1178.75,1185.0,1202.0,1181.1,1198.5,1199.6,1192.81,1610710,1921272433.45,22323,1002859,62.26,False,2016
128,HDFCBANK,EQ,01-12,1199.6,1202.3,1207.9,1193.0,1195.0,1197.25,1201.55,1119246,1344826096.9,43860,712691,63.68,False,2016
129,HDFCBANK,EQ,02-12,1197.25,1189.0,1201.95,1176.7,1190.85,1189.1,1186.34,1015668,1204928736.25,20190,458896,45.18,False,2016
130,HDFCBANK,IL,02-12,1382.0,1340.0,1340.0,1340.0,1340.0,1340.0,1340.0,60000,80400000.0,1,60000,100.0,True,2016
131,HDFCBANK,EQ,05-12,1189.1,1187.6,1198.95,1176.5,1195.0,1196.35,1188.46,1137984,1352453352.9,23709,760929,66.87,False,2016
132,HDFCBANK,EQ,06-12,1196.35,1195.0,1202.85,1190.2,1196.95,1194.45,1196.07,675741,808236057.3,20289,293189,43.39,False,2016
133,HDFCBANK,IL,06-12,1340.0,1390.0,1390.0,1390.0,1390.0,1390.0,1390.0,480862,668398180.0,32,480862,100.0,True,2016
134,HDFCBANK,EQ,07-12,1194.45,1201.85,1205.9,1167.0,1181.4,1181.6,1190.7,1407048,1675366938.3,20996,858105,60.99,False,2016
135,HDFCBANK,IL,07-12,1390.0,1390.0,1390.0,1390.0,1390.0,1390.0,1390.0,224091,311486490.0,8,224091,100.0,True,2016
136,HDFCBANK,EQ,08-12,1181.6,1187.0,1205.55,1187.0,1196.0,1199.5,1196.73,1077424,1289382082.95,21872,668894,62.08,False,2016
137,HDFCBANK,EQ,09-12,1199.5,1199.1,1202.3,1188.0,1199.0,1198.3,1197.13,1096988,1313237103.15,38565,653928,59.61,False,2016
138,HDFCBANK,EQ,12-12,1198.3,1192.0,1192.15,1181.1,1186.0,1184.45,1185.31,856318,1015005107.15,13932,565097,65.99,False,2016
139,HDFCBANK,EQ,13-12,1184.45,1180.25,1190.35,1178.55,1185.1,1186.25,1185.61,631717,748969936.1,7823,362174,57.33,False,2016
140,HDFCBANK,IL,13-12,1390.0,1360.0,1360.0,1360.0,1360.0,1360.0,1360.0,359450,488852000.0,7,309450,86.09,True,2016
141,HDFCBANK,EQ,14-12,1186.25,1187.0,1188.0,1173.4,1177.4,1175.7,1178.72,1078536,1271292719.8,34818,604485,56.05,False,2016
142,HDFCBANK,IL,14-12,1360.0,1340.0,1340.0,1340.0,1340.0,1340.0,1340.0,113000,151420000.0,5,113000,100.0,True,2016
143,HDFCBANK,EQ,15-12,1175.7,1164.2,1194.5,1163.6,1177.35,1176.6,1179.94,1235372,1457665899.5,36142,509424,41.24,False,2016
144,HDFCBANK,EQ,16-12,1176.6,1176.6,1185.0,1171.55,1185.0,1182.3,1178.42,813957,959185075.25,19790,383001,47.05,False,2016
145,HDFCBANK,EQ,19-12,1182.3,1176.8,1179.5,1170.5,1175.15,1176.75,1176.34,790109,929440586.25,28802,372474,47.14,False,2016
146,HDFCBANK,EQ,20-12,1176.75,1176.0,1185.0,1171.7,1183.0,1181.9,1178.85,1047498,1234846928.7,14370,583566,55.71,False,2016
147,HDFCBANK,EQ,21-12,1181.9,1184.0,1185.0,1175.0,1177.1,1180.0,1180.02,664719,784382918.55,16518,351330,52.85,False,2016
148,HDFCBANK,IL,21-12,1340.0,1293.0,1293.0,1289.0,1289.0,1289.0,1291.92,762000,984446400.0,17,762000,100.0,True,2016
149,HDFCBANK,EQ,22-12,1180.0,1176.4,1179.5,1168.4,1171.0,1173.1,1172.68,701429,822549545.25,16113,384530,54.82,False,2016
150,HDFCBANK,IL,22-12,1289.0,1301.0,1301.0,1301.0,1301.0,1301.0,1301.0,265563,345497463.0,4,265563,100.0,True,2016
151,HDFCBANK,EQ,23-12,1173.1,1171.0,1189.25,1169.3,1186.1,1186.25,1182.23,1188129,1404637970.0,22069,750916,63.2,False,2016
152,HDFCBANK,IL,23-12,1301.0,1301.0,1301.0,1301.0,1301.0,1301.0,1301.0,26244,34143444.0,1,26244,100.0,True,2016
153,HDFCBANK,EQ,26-12,1186.25,1178.55,1186.1,1170.1,1177.3,1175.0,1176.14,1045966,1230203112.25,29237,653660,62.49,False,2016
154,HDFCBANK,EQ,27-12,1175.0,1179.3,1186.9,1173.9,1186.0,1185.2,1179.76,1224824,1444997293.8,24221,945218,77.17,False,2016
155,HDFCBANK,EQ,28-12,1185.2,1189.9,1194.95,1181.0,1185.75,1186.75,1189.23,1626960,1934832346.1,25378,1119130,68.79,False,2016
156,HDFCBANK,EQ,29-12,1186.75,1185.0,1207.95,1181.45,1203.0,1205.2,1198.17,2025204,2426542149.85,29459,1535490,75.82,False,2016
157,HDFCBANK,EQ,30-12,1205.2,1200.0,1212.0,1199.95,1202.9,1206.2,1206.05,1016635,1226114997.15,28865,588546,57.89,False,2016
158,HDFCBANK,EQ,02-01,1206.2,1209.45,1210.1,1192.05,1198.05,1197.1,1198.08,927164,1110816496.4,36225,531525,57.33,False,2017
159,HDFCBANK,EQ,03-01,1197.1,1200.8,1201.95,1185.75,1190.0,1189.9,1192.5,961875,1147035229.9,21734,574034,59.68,False,2017
160,HDFCBANK,EQ,04-01,1189.9,1189.85,1192.0,1183.8,1188.8,1185.5,1187.86,1741780,2068989959.75,28925,1227791,70.49,False,2017
161,HDFCBANK,EQ,05-01,1185.5,1189.0,1194.5,1183.1,1185.0,1186.2,1186.93,1694096,2010773873.45,35946,1138929,67.23,False,2017
162,HDFCBANK,IL,05-01,1301.0,1250.0,1250.0,1250.0,1250.0,1250.0,1250.0,325000,406250000.0,8,275000,84.62,True,2017
163,HDFCBANK,EQ,06-01,1186.2,1190.1,1198.4,1188.2,1194.5,1193.65,1192.99,1381315,1647897004.25,31658,878454,63.6,False,2017
164,HDFCBANK,IL,06-01,1250.0,1286.5,1286.5,1286.5,1286.5,1286.5,1286.5,50000,64325000.0,1,50000,100.0,True,2017
165,HDFCBANK,EQ,09-01,1193.65,1198.85,1204.15,1192.15,1194.6,1195.2,1197.47,1143449,1369243562.65,32660,609266,53.28,False,2017
166,HDFCBANK,EQ,10-01,1195.2,1196.2,1216.8,1195.3,1215.8,1214.35,1208.44,1386529,1675530484.05,26856,743091,53.59,False,2017
167,HDFCBANK,EQ,11-01,1214.35,1217.5,1238.1,1215.5,1230.6,1234.0,1229.29,2335851,2871447931.1,37280,1457613,62.4,False,2017
168,HDFCBANK,EQ,12-01,1234.0,1235.0,1243.7,1225.5,1235.0,1235.0,1232.72,729079,898753543.6,16117,322314,44.21,False,2017
169,HDFCBANK,IL,12-01,1286.5,1355.0,1355.0,1340.0,1340.0,1340.0,1340.0,197172,264210630.0,4,197172,100.0,True,2017
170,HDFCBANK,EQ,13-01,1235.0,1239.0,1239.7,1228.6,1234.85,1232.5,1230.97,962603,1184938064.9,26665,641591,66.65,False,2017
171,HDFCBANK,IL,13-01,1340.0,1345.0,1345.0,1342.0,1342.0,1342.0,1344.42,503808,677331336.0,19,503808,100.0,True,2017
172,HDFCBANK,EQ,16-01,1232.5,1233.5,1249.45,1232.8,1249.4,1247.65,1243.17,941466,1170399194.85,19324,560059,59.49,False,2017
173,HDFCBANK,EQ,17-01,1247.65,1247.0,1252.4,1236.25,1238.0,1238.5,1240.11,889903,1103576053.25,11938,645873,72.58,False,2017
174,HDFCBANK,EQ,18-01,1238.5,1240.9,1256.0,1240.85,1245.0,1242.6,1245.98,1153222,1436889550.4,13935,830700,72.03,False,2017
175,HDFCBANK,EQ,19-01,1242.6,1244.9,1244.9,1235.0,1236.0,1236.3,1238.18,878103,1087253693.5,17737,668532,76.13,False,2017
176,HDFCBANK,EQ,20-01,1236.3,1236.0,1245.0,1230.0,1236.0,1236.35,1236.63,3485517,4310295273.9,22849,1131929,32.48,False,2017
177,HDFCBANK,EQ,23-01,1236.35,1236.0,1250.0,1235.8,1247.9,1244.65,1243.28,1198462,1490024964.2,16822,775795,64.73,False,2017
178,HDFCBANK,EQ,24-01,1244.65,1250.0,1271.5,1249.25,1269.8,1267.55,1259.62,2565466,3231523373.65,42319,1317429,51.35,False,2017
179,HDFCBANK,EQ,25-01,1267.55,1272.6,1295.6,1270.1,1285.0,1290.6,1283.33,3909246,5016854203.8,43213,2729465,69.82,False,2017
180,HDFCBANK,IL,25-01,1342.0,1419.5,1460.0,1419.5,1460.0,1460.0,1452.6,185706,269755987.5,7,183945,99.05,True,2017
181,HDFCBANK,EQ,27-01,1290.6,1299.0,1300.0,1288.0,1292.25,1291.9,1294.12,1713059,2216896148.85,44456,1236374,72.17,False,2017
182,HDFCBANK,EQ,30-01,1291.9,1292.95,1292.95,1280.55,1283.0,1284.95,1284.17,1329907,1707832851.7,29492,921282,69.27,False,2017
183,HDFCBANK,EQ,31-01,1284.95,1282.4,1292.7,1277.0,1284.0,1286.65,1286.42,1525260,1962118650.65,31674,1119635,73.41,False,2017
184,HDFCBANK,EQ,01-02,1286.65,1286.2,1310.0,1280.5,1307.05,1305.7,1296.22,2727666,3535647781.2,35707,1732314,63.51,False,2017
185,HDFCBANK,EQ,02-02,1305.7,1305.7,1305.7,1292.6,1299.9,1298.7,1297.53,1492909,1937096728.05,41213,960795,64.36,False,2017
186,HDFCBANK,EQ,03-02,1298.7,1299.0,1316.0,1296.5,1308.25,1311.05,1307.93,2001276,2617529578.8,34216,1177119,58.82,False,2017
187,HDFCBANK,IL,03-02,1460.0,1510.0,1511.0,1508.0,1508.0,1508.0,1510.08,458228,691960082.0,13,458228,100.0,True,2017
188,HDFCBANK,EQ,06-02,1311.05,1312.3,1320.0,1311.45,1313.75,1314.1,1315.54,1077555,1417569144.35,27295,663293,61.56,False,2017
189,HDFCBANK,IL,06-02,1508.0,1524.0,1524.0,1524.0,1524.0,1524.0,1524.0,25000,38100000.0,1,25000,100.0,True,2017
190,HDFCBANK,EQ,07-02,1314.1,1316.0,1318.0,1302.95,1307.0,1307.15,1308.36,852980,1116001220.6,10789,548839,64.34,False,2017
191,HDFCBANK,IL,07-02,1524.0,1490.5,1490.5,1490.5,1490.5,1490.5,1490.5,1669,2487644.5,1,1669,100.0,True,2017
192,HDFCBANK,EQ,08-02,1307.15,1307.55,1318.7,1298.15,1313.4,1305.65,1308.54,1235240,1616364467.85,18441,772127,62.51,False,2017
193,HDFCBANK,EQ,09-02,1305.65,1309.4,1319.9,1292.55,1299.7,1297.65,1300.43,1116344,1451723533.15,16802,697108,62.45,False,2017
194,HDFCBANK,EQ,10-02,1297.65,1298.35,1308.75,1298.0,1306.95,1303.6,1303.18,824184,1074061038.1,18728,519927,63.08,False,2017
195,HDFCBANK,EQ,13-02,1303.6,1307.55,1315.0,1299.2,1311.25,1310.2,1308.2,698948,914363830.45,13107,354175,50.67,False,2017
196,HDFCBANK,EQ,14-02,1310.2,1314.0,1314.0,1304.0,1312.25,1311.1,1310.53,611515,801406581.3,11044,388475,63.53,False,2017
197,HDFCBANK,EQ,15-02,1311.1,1312.0,1324.0,1307.45,1320.1,1322.2,1319.18,1531735,2020629387.15,30033,860763,56.2,False,2017
198,HDFCBANK,EQ,16-02,1322.2,1323.0,1333.0,1320.25,1328.25,1327.9,1327.69,1260925,1674116408.45,32225,786097,62.34,False,2017
199,HDFCBANK,EQ,17-02,1327.9,1445.0,1454.0,1360.45,1375.0,1377.05,1418.39,100564990,142639995863.65,547304,66696831,66.32,False,2017
200,HDFCBANK,IL,17-02,1327.9,1440.0,1440.0,1435.0,1440.0,1440.0,1439.88,214059,308219960.0,20,214059,100.0,True,2017
201,HDFCBANK,EQ,20-02,1377.05,1361.2,1415.45,1359.15,1411.35,1409.1,1391.53,2641679,3675966278.45,44489,1127250,42.67,False,2017
202,HDFCBANK,IL,20-02,1440.0,1471.0,1471.0,1471.0,1471.0,1471.0,1471.0,40000,58840000.0,1,40000,100.0,True,2017
203,HDFCBANK,EQ,21-02,1409.1,1406.05,1421.8,1397.4,1412.0,1415.55,1407.76,1565007,2203147449.7,29499,722851,46.19,False,2017
204,HDFCBANK,EQ,22-02,1415.55,1415.0,1418.8,1394.85,1403.8,1399.15,1406.18,1324194,1862053476.35,32386,682305,51.53,False,2017
205,HDFCBANK,IL,22-02,1471.0,1462.0,1462.0,1462.0,1462.0,1462.0,1462.0,900000,1315800000.0,15,900000,100.0,True,2017
206,HDFCBANK,EQ,23-02,1399.15,1403.8,1421.35,1387.05,1391.0,1394.3,1404.96,8623745,12116054307.25,57150,5792871,67.17,False,2017
207,HDFCBANK,IL,23-02,1462.0,1440.0,1450.0,1440.0,1450.0,1450.0,1440.95,3314744,4776378800.0,123,3314744,100.0,True,2017
208,HDFCBANK,EQ,27-02,1394.3,1390.9,1398.35,1378.6,1390.0,1393.6,1391.6,1170344,1628652070.8,30054,629694,53.8,False,2017
209,HDFCBANK,IL,27-02,1450.0,1460.0,1460.0,1460.0,1460.0,1460.0,1460.0,250000,365000000.0,10,250000,100.0,True,2017
210,HDFCBANK,EQ,28-02,1393.6,1392.9,1396.25,1384.5,1390.1,1390.1,1390.32,732002,1017716983.3,19486,419598,57.32,False,2017
211,HDFCBANK,IL,28-02,1460.0,1440.0,1440.0,1440.0,1440.0,1440.0,1440.0,50000,72000000.0,2,50000,100.0,True,2017
212,HDFCBANK,EQ,01-03,1390.1,1396.45,1396.5,1386.4,1393.05,1391.65,1390.47,870434,1210310328.6,21777,527063,60.55,False,2017
213,HDFCBANK,EQ,02-03,1391.65,1394.55,1396.0,1376.25,1377.15,1380.1,1388.39,1150497,1597333534.95,21120,642637,55.86,False,2017
214,HDFCBANK,EQ,03-03,1380.1,1384.5,1384.5,1369.0,1376.95,1377.0,1373.26,623206,855824200.45,14316,362325,58.14,False,2017
215,HDFCBANK,EQ,06-03,1377.0,1376.8,1389.9,1373.1,1381.85,1380.75,1382.96,919781,1272017924.35,15174,690390,75.06,False,2017
216,HDFCBANK,EQ,07-03,1380.75,1382.25,1387.5,1376.2,1387.0,1386.2,1383.79,778219,1076892207.1,15376,527798,67.82,False,2017
217,HDFCBANK,EQ,08-03,1386.2,1387.9,1399.2,1381.05,1392.8,1392.2,1391.29,945536,1315514113.4,18651,613625,64.9,False,2017
218,HDFCBANK,IL,08-03,1440.0,1425.0,1425.0,1425.0,1425.0,1425.0,1425.0,50000,71250000.0,1,50000,100.0,True,2017
219,HDFCBANK,EQ,09-03,1392.2,1381.65,1398.7,1381.65,1396.0,1394.2,1391.2,877329,1220543994.7,28876,513578,58.54,False,2017
220,HDFCBANK,IL,09-03,1425.0,1420.0,1420.0,1420.0,1420.0,1420.0,1420.0,50000,71000000.0,1,50000,100.0,True,2017
221,HDFCBANK,EQ,10-03,1394.2,1395.0,1408.0,1393.15,1407.45,1400.1,1398.73,1465176,2049387073.75,31432,1044220,71.27,False,2017
222,HDFCBANK,IL,10-03,1420.0,1440.0,1440.0,1440.0,1440.0,1440.0,1440.0,50000,72000000.0,1,0,0.0,True,2017
223,HDFCBANK,EQ,14-03,1400.1,1422.1,1424.15,1406.65,1406.65,1410.7,1411.99,1788755,2525703810.15,27773,1293709,72.32,False,2017
224,HDFCBANK,EQ,15-03,1410.7,1410.95,1420.0,1410.55,1418.95,1416.6,1415.42,1067965,1511621072.25,20324,789554,73.93,False,2017
225,HDFCBANK,EQ,16-03,1416.6,1418.1,1422.85,1413.65,1421.0,1417.35,1417.78,1245027,1765172286.9,25085,865624,69.53,False,2017
226,HDFCBANK,EQ,17-03,1417.35,1418.55,1427.5,1412.85,1426.5,1425.85,1423.0,847616,1206153849.1,12971,512248,60.43,False,2017
227,HDFCBANK,IL,17-03,1440.0,1470.0,1473.0,1470.0,1470.0,1470.0,1470.95,109851,161585523.0,4,59851,54.48,True,2017
228,HDFCBANK,EQ,20-03,1425.85,1426.65,1439.85,1425.95,1436.0,1436.1,1436.37,2035586,2923848080.9,16008,1674293,82.25,False,2017
229,HDFCBANK,IL,20-03,1470.0,1470.0,1473.0,1470.0,1473.0,1473.0,1471.77,244832,360337536.0,9,244832,100.0,True,2017
230,HDFCBANK,EQ,21-03,1436.1,1434.0,1445.0,1434.0,1442.8,1440.95,1441.36,1389320,2002508334.65,25259,1026318,73.87,False,2017
231,HDFCBANK,EQ,22-03,1440.95,1427.7,1437.0,1425.8,1429.0,1430.9,1430.73,1409136,2016093463.0,28928,909230,64.52,False,2017
232,HDFCBANK,EQ,23-03,1430.9,1434.4,1435.0,1422.9,1430.0,1430.9,1428.73,1230618,1758221773.05,17085,910367,73.98,False,2017
233,HDFCBANK,EQ,24-03,1430.9,1433.0,1434.45,1422.0,1424.0,1424.35,1427.54,952591,1359861389.7,23104,571937,60.04,False,2017
234,HDFCBANK,IL,24-03,1473.0,1460.0,1460.0,1460.0,1460.0,1460.0,1460.0,198708,290113680.0,7,198708,100.0,True,2017
235,HDFCBANK,EQ,27-03,1424.35,1424.0,1424.0,1404.05,1411.95,1409.85,1412.28,1466021,2070426432.0,16394,964011,65.76,False,2017
236,HDFCBANK,IL,27-03,1460.0,1440.0,1440.0,1420.0,1426.0,1426.0,1436.28,6434395,9241614456.0,215,5431314,84.41,True,2017
237,HDFCBANK,EQ,28-03,1409.85,1418.3,1424.7,1413.1,1421.1,1420.2,1421.69,2015350,2865203613.6,21101,1636848,81.22,False,2017
238,HDFCBANK,IL,28-03,1426.0,1455.0,1455.0,1451.0,1451.0,1451.0,1453.0,200000,290600000.0,4,0,0.0,True,2017
239,HDFCBANK,EQ,29-03,1420.2,1420.8,1434.8,1420.0,1429.55,1428.6,1428.63,2143943,3062897508.45,37466,1628982,75.98,False,2017
240,HDFCBANK,EQ,30-03,1428.6,1428.0,1479.95,1425.05,1460.0,1466.2,1462.08,8580273,12545027532.35,56068,5774278,67.3,False,2017
241,HDFCBANK,IL,30-03,1451.0,1454.0,1455.0,1454.0,1455.0,1455.0,1454.5,3766315,5478120894.0,512,3766315,100.0,True,2017
242,HDFCBANK,EQ,31-03,1466.2,1453.8,1454.0,1436.55,1440.0,1442.55,1442.01,2412848,3479360861.7,38453,1474512,61.11,False,2017
243,HDFCBANK,EQ,03-04,1442.55,1446.0,1450.1,1426.0,1430.9,1433.2,1433.35,1037263,1486760001.6,18222,575290,55.46,False,2017
244,HDFCBANK,EQ,05-04,1433.2,1435.25,1446.5,1427.55,1427.55,1432.35,1437.51,1436020,2064295266.45,26605,950922,66.22,False,2017
245,HDFCBANK,IL,05-04,1455.0,1455.0,1471.5,1455.0,1471.5,1471.5,1455.49,6760000,9839100000.0,172,6760000,100.0,True,2017
246,HDFCBANK,EQ,06-04,1432.35,1431.5,1443.0,1425.05,1435.35,1438.5,1434.76,1531104,2196759338.35,27986,1041786,68.04,False,2017
247,HDFCBANK,EQ,07-04,1438.5,1431.05,1445.0,1428.6,1440.0,1438.85,1439.23,1162090,1672516779.15,27610,759058,65.32,False,2017
248,HDFCBANK,EQ,10-04,1438.85,1443.0,1443.0,1432.65,1435.0,1434.15,1436.68,848469,1218980808.25,16093,461930,54.44,False,2017
249,HDFCBANK,EQ,11-04,1434.15,1434.0,1441.2,1431.5,1436.0,1439.5,1436.05,1089065,1563952789.0,23156,783544,71.95,False,2017
250,HDFCBANK,EQ,12-04,1439.5,1439.0,1449.95,1435.5,1441.25,1443.7,1443.6,891273,1286645981.95,22330,469695,52.7,False,2017
251,HDFCBANK,IL,12-04,1471.5,1488.0,1491.0,1488.0,1491.0,1491.0,1490.27,330000,491790000.0,23,330000,100.0,True,2017
252,HDFCBANK,EQ,13-04,1443.7,1443.0,1448.9,1437.05,1440.0,1440.3,1441.73,1201059,1731604795.5,13282,983766,81.91,False,2017
253,HDFCBANK,IL,13-04,1491.0,1490.0,1490.0,1490.0,1490.0,1490.0,1490.0,272000,405280000.0,42,272000,100.0,True,2017
254,HDFCBANK,EQ,17-04,1440.3,1440.3,1443.8,1428.25,1439.55,1436.8,1433.42,1784264,2557590931.55,29050,1323652,74.18,False,2017
255,HDFCBANK,EQ,18-04,1436.8,1440.0,1455.0,1438.0,1443.2,1447.3,1448.74,909715,1317941331.8,14523,541319,59.5,False,2017
256,HDFCBANK,IL,18-04,1490.0,1481.0,1481.0,1481.0,1481.0,1481.0,1481.0,24000,35544000.0,1,24000,100.0,True,2017
257,HDFCBANK,EQ,19-04,1447.3,1447.0,1456.75,1438.0,1453.0,1449.0,1446.58,1084536,1568870622.8,16418,648996,59.84,False,2017
258,HDFCBANK,EQ,20-04,1449.0,1453.0,1466.05,1452.95,1462.3,1462.15,1461.72,1445343,2112688671.3,38616,991155,68.58,False,2017
259,HDFCBANK,EQ,21-04,1462.15,1466.0,1499.0,1453.3,1498.7,1496.6,1482.06,4314508,6394353241.15,76583,1477591,34.25,False,2017
260,HDFCBANK,EQ,24-04,1496.6,1498.1,1539.0,1497.0,1532.0,1533.05,1527.25,5051738,7715254332.15,75353,2709081,53.63,False,2017
261,HDFCBANK,IL,24-04,1481.0,1565.0,1565.0,1565.0,1565.0,1565.0,1565.0,29891,46779415.0,1,29891,100.0,True,2017
262,HDFCBANK,EQ,25-04,1533.05,1535.05,1545.5,1529.6,1539.25,1537.05,1537.68,2264445,3481999951.5,45495,1540233,68.02,False,2017
263,HDFCBANK,EQ,26-04,1537.05,1542.95,1553.0,1468.45,1552.95,1550.65,1546.13,1948963,3013353454.5,41591,986789,50.63,False,2017
264,HDFCBANK,EQ,27-04,1550.65,1546.1,1573.95,1546.1,1554.0,1568.6,1565.15,4045105,6331191310.55,41855,2592498,64.09,False,2017
265,HDFCBANK,EQ,28-04,1568.6,1559.9,1559.9,1537.1,1545.0,1546.5,1544.82,1359432,2100076746.55,25722,886321,65.2,False,2017
266,HDFCBANK,EQ,02-05,1546.5,1547.0,1550.9,1530.35,1542.85,1540.6,1540.81,1001760,1543518049.65,17111,654978,65.38,False,2017
267,HDFCBANK,EQ,03-05,1540.6,1554.25,1554.25,1539.35,1541.05,1544.3,1543.93,626991,968031267.2,13977,329255,52.51,False,2017
268,HDFCBANK,EQ,04-05,1544.3,1539.25,1542.9,1522.6,1533.5,1534.8,1529.35,1282757,1961782631.7,28722,768776,59.93,False,2017
269,HDFCBANK,IL,04-05,1565.0,1567.0,1567.0,1567.0,1567.0,1567.0,1567.0,31000,48577000.0,3,31000,100.0,True,2017
270,HDFCBANK,EQ,05-05,1534.8,1542.1,1542.9,1526.3,1531.0,1532.2,1531.86,689474,1056176850.6,20311,322076,46.71,False,2017
271,HDFCBANK,EQ,08-05,1532.2,1538.0,1540.0,1528.55,1532.6,1534.8,1533.56,936813,1436656654.5,35872,603334,64.4,False,2017
272,HDFCBANK,EQ,09-05,1534.8,1534.8,1545.6,1532.65,1533.9,1535.75,1537.87,836459,1286367997.95,25182,595730,71.22,False,2017
273,HDFCBANK,EQ,10-05,1535.75,1540.0,1555.0,1537.05,1554.0,1551.8,1548.16,585561,906540275.6,11399,308047,52.61,False,2017
274,HDFCBANK,EQ,11-05,1551.8,1551.0,1560.0,1541.0,1543.0,1546.4,1551.42,968936,1503227834.75,26482,628863,64.9,False,2017
275,HDFCBANK,EQ,12-05,1546.4,1545.9,1556.9,1536.2,1554.0,1551.65,1542.32,1536901,2370390260.75,18358,995615,64.78,False,2017
276,HDFCBANK,EQ,15-05,1551.65,1550.0,1557.2,1542.25,1553.0,1553.4,1550.73,701195,1087367599.8,15104,309282,44.11,False,2017
277,HDFCBANK,IL,15-05,1567.0,1583.0,1583.0,1583.0,1583.0,1583.0,1583.0,342000,541386000.0,6,342000,100.0,True,2017
278,HDFCBANK,EQ,16-05,1553.4,1555.0,1562.0,1548.25,1561.85,1559.65,1555.11,897594,1395856787.25,21073,347734,38.74,False,2017
279,HDFCBANK,EQ,17-05,1559.65,1558.8,1565.4,1551.5,1557.5,1557.15,1557.51,868118,1352102516.9,32732,367931,42.38,False,2017
280,HDFCBANK,IL,17-05,1583.0,1600.0,1600.0,1600.0,1600.0,1600.0,1600.0,50000,80000000.0,1,50000,100.0,True,2017
281,HDFCBANK,EQ,18-05,1557.15,1549.0,1561.5,1548.1,1557.5,1557.1,1556.99,776820,1209499656.15,13648,518101,66.7,False,2017
282,HDFCBANK,IL,18-05,1600.0,1596.0,1597.5,1596.0,1597.0,1597.0,1596.99,680000,1085951250.0,15,680000,100.0,True,2017
283,HDFCBANK,EQ,19-05,1557.1,1559.5,1569.9,1545.25,1568.05,1561.25,1556.93,713534,1110925609.25,18458,296680,41.58,False,2017
284,HDFCBANK,IL,19-05,1597.0,1580.0,1580.0,1580.0,1580.0,1580.0,1580.0,865000,1366700000.0,18,865000,100.0,True,2017
285,HDFCBANK,EQ,22-05,1561.25,1565.1,1580.0,1563.1,1579.0,1576.0,1572.46,715013,1124331912.15,24974,413491,57.83,False,2017
286,HDFCBANK,EQ,23-05,1576.0,1580.0,1583.55,1565.0,1569.0,1569.1,1575.09,770043,1212889747.95,17873,489628,63.58,False,2017
287,HDFCBANK,IL,23-05,1580.0,1590.25,1590.25,1585.0,1585.0,1585.0,1585.0,300000,475500210.0,28,173000,57.67,True,2017
288,HDFCBANK,EQ,24-05,1569.1,1569.05,1575.45,1562.0,1567.0,1566.75,1566.76,866847,1358143699.6,34901,615909,71.05,False,2017
289,HDFCBANK,EQ,25-05,1566.75,1567.1,1629.4,1567.1,1613.25,1617.15,1605.26,5022701,8062757340.0,60075,3585041,71.38,False,2017
290,HDFCBANK,IL,25-05,1585.0,1570.0,1570.0,1570.0,1570.0,1570.0,1570.0,48,75360.0,1,48,100.0,True,2017
291,HDFCBANK,EQ,26-05,1617.15,1606.65,1632.0,1601.1,1623.0,1626.0,1617.56,1360789,2201159155.0,31085,754482,55.44,False,2017
292,HDFCBANK,IL,26-05,1570.0,1628.05,1628.05,1628.05,1628.05,1628.05,1628.05,250000,407012500.0,10,250000,100.0,True,2017
293,HDFCBANK,EQ,29-05,1626.0,1619.8,1648.0,1617.65,1626.65,1631.9,1634.94,1479085,2418209870.85,48257,924191,62.48,False,2017
294,HDFCBANK,IL,29-05,1628.05,1646.0,1646.0,1646.0,1646.0,1646.0,1646.0,451322,742876012.0,18,451322,100.0,True,2017
295,HDFCBANK,EQ,30-05,1631.9,1630.0,1633.5,1616.15,1631.4,1629.05,1622.75,1108546,1798890005.0,26377,592343,53.43,False,2017
296,HDFCBANK,EQ,31-05,1629.05,1625.0,1643.0,1623.15,1640.0,1636.2,1631.48,1329728,2169429926.8,18717,926698,69.69,False,2017
297,HDFCBANK,EQ,01-06,1636.2,1639.0,1639.85,1620.55,1627.0,1628.6,1630.91,839885,1369779680.1,21114,481729,57.36,False,2017
298,HDFCBANK,IL,01-06,1646.0,1645.25,1645.25,1645.25,1645.25,1645.25,1645.25,16000,26324000.0,1,16000,100.0,True,2017
299,HDFCBANK,EQ,02-06,1628.6,1634.0,1646.1,1626.2,1631.85,1634.25,1636.04,803386,1314369622.75,17867,390838,48.65,False,2017
300,HDFCBANK,IL,02-06,1645.25,1642.1,1645.0,1642.05,1642.05,1642.05,1642.66,126000,206975250.0,8,57500,45.63,True,2017
301,HDFCBANK,EQ,05-06,1634.25,1633.7,1638.95,1625.0,1638.5,1635.55,1633.27,724975,1184083532.85,14700,327218,45.14,False,2017
302,HDFCBANK,IL,05-06,1642.05,1642.0,1658.0,1642.0,1658.0,1658.0,1651.43,169666,280191572.0,4,100000,58.94,True,2017
303,HDFCBANK,EQ,06-06,1635.55,1635.0,1643.8,1630.0,1639.0,1638.95,1638.5,1250658,2049200642.3,14396,921531,73.68,False,2017
304,HDFCBANK,EQ,07-06,1638.95,1640.4,1644.9,1630.35,1641.3,1640.8,1638.26,638569,1046138986.8,28344,447948,70.15,False,2017
305,HDFCBANK,EQ,08-06,1640.8,1643.9,1659.4,1641.65,1643.6,1644.75,1648.3,1062192,1750808057.65,25728,582580,54.85,False,2017
306,HDFCBANK,EQ,09-06,1644.75,1640.1,1670.0,1640.1,1669.9,1666.8,1660.39,1326318,2202209561.65,41645,878389,66.23,False,2017
307,HDFCBANK,EQ,12-06,1666.8,1664.0,1676.0,1660.0,1666.0,1668.75,1666.54,992853,1654628890.15,40006,658975,66.37,False,2017
308,HDFCBANK,IL,12-06,1658.0,1665.0,1665.0,1665.0,1665.0,1665.0,1665.0,99481,165635865.0,2,99481,100.0,True,2017
309,HDFCBANK,EQ,13-06,1668.75,1661.75,1691.9,1661.0,1674.0,1676.7,1680.14,1262905,2121860290.15,37080,831771,65.86,False,2017
310,HDFCBANK,EQ,14-06,1676.7,1675.0,1679.95,1667.0,1672.85,1671.2,1672.03,964590,1612824040.55,27840,714323,74.05,False,2017
311,HDFCBANK,EQ,15-06,1671.2,1668.0,1675.6,1653.6,1665.0,1664.35,1662.08,881673,1465414452.25,17284,530656,60.19,False,2017
312,HDFCBANK,IL,15-06,1665.0,1671.25,1671.25,1665.0,1670.0,1670.0,1669.94,1170300,1954329690.0,42,1170300,100.0,True,2017
313,HDFCBANK,EQ,16-06,1664.35,1665.0,1674.7,1658.1,1667.0,1669.25,1665.86,938776,1563872404.55,18765,583858,62.19,False,2017
314,HDFCBANK,IL,16-06,1670.0,1664.95,1665.9,1664.95,1665.9,1665.9,1665.14,600,999086.9,35,600,100.0,True,2017
315,HDFCBANK,EQ,19-06,1669.25,1671.0,1696.0,1668.4,1690.7,1692.9,1683.38,956383,1609958237.65,26370,581131,60.76,False,2017
316,HDFCBANK,EQ,20-06,1692.9,1690.0,1694.0,1679.85,1681.55,1686.55,1686.31,915066,1543084685.5,22817,675274,73.8,False,2017
317,HDFCBANK,IL,20-06,1665.9,1689.0,1707.35,1689.0,1707.35,1707.35,1699.76,398626,677569314.0,9,338626,84.95,True,2017
318,HDFCBANK,EQ,21-06,1686.55,1682.6,1701.25,1679.6,1696.9,1698.7,1692.56,852733,1443298486.5,13383,435777,51.1,False,2017
319,HDFCBANK,IL,21-06,1707.35,1701.0,1710.1,1701.0,1705.5,1705.5,1704.66,575000,980181225.0,16,540000,93.91,True,2017
320,HDFCBANK,EQ,22-06,1698.7,1694.95,1716.0,1691.2,1699.0,1698.0,1705.36,1668865,2846016910.1,47395,870934,52.19,False,2017
321,HDFCBANK,IL,22-06,1705.5,1710.0,1710.0,1710.0,1710.0,1710.0,1710.0,380000,649800000.0,8,380000,100.0,True,2017
322,HDFCBANK,EQ,23-06,1698.0,1702.0,1702.75,1675.2,1681.1,1678.65,1684.39,1304367,2197062163.5,40032,835308,64.04,False,2017
323,HDFCBANK,IL,23-06,1710.0,1698.5,1698.5,1692.0,1692.0,1692.0,1696.92,301000,510772000.0,8,301000,100.0,True,2017
324,HDFCBANK,EQ,27-06,1678.65,1689.0,1695.0,1656.25,1667.55,1667.65,1673.41,1500108,2510290432.5,41978,966813,64.45,False,2017
325,HDFCBANK,IL,27-06,1692.0,1687.0,1705.0,1687.0,1695.0,1695.0,1695.7,4645234,7876911145.25,152,4645234,100.0,True,2017
326,HDFCBANK,EQ,28-06,1667.65,1665.0,1675.0,1657.8,1666.5,1666.45,1666.08,1112259,1853114829.75,33276,759351,68.27,False,2017
327,HDFCBANK,IL,28-06,1695.0,1670.0,1670.0,1670.0,1670.0,1670.0,1670.0,43000,71810000.0,1,43000,100.0,True,2017
328,HDFCBANK,EQ,29-06,1666.45,1667.0,1681.9,1651.1,1655.0,1663.05,1666.21,2296927,3827159036.6,41505,1515335,65.97,False,2017
329,HDFCBANK,EQ,30-06,1663.05,1653.8,1660.0,1643.0,1654.85,1652.05,1654.33,1082608,1790989876.0,20154,686217,63.39,False,2017
330,HDFCBANK,EQ,03-07,1652.05,1652.6,1667.5,1647.25,1660.0,1658.6,1658.07,876083,1452603241.7,29692,555332,63.39,False,2017
331,HDFCBANK,EQ,04-07,1658.6,1660.25,1666.7,1652.0,1653.0,1653.35,1656.45,941520,1559578817.2,29651,629966,66.91,False,2017
332,HDFCBANK,EQ,05-07,1653.35,1653.1,1659.5,1645.0,1647.15,1648.75,1651.02,1003550,1656877513.35,33969,745305,74.27,False,2017
333,HDFCBANK,IL,05-07,1670.0,1653.35,1653.35,1653.35,1653.35,1653.35,1653.35,36705,60686211.75,1,36705,100.0,True,2017
334,HDFCBANK,EQ,06-07,1648.75,1652.55,1663.0,1651.35,1658.95,1658.15,1658.74,1142919,1895807617.7,36276,826102,72.28,False,2017
335,HDFCBANK,EQ,07-07,1658.15,1660.85,1669.6,1658.0,1665.0,1667.2,1663.38,1379349,2294376290.9,34523,989181,71.71,False,2017
336,HDFCBANK,EQ,10-07,1667.2,1670.7,1748.0,1661.05,1674.0,1676.35,1674.39,334769,560535368.7,6377,189620,56.64,False,2017
337,HDFCBANK,EQ,11-07,1676.35,1677.55,1690.8,1667.1,1676.15,1680.4,1681.6,1102570,1854082214.5,46609,683669,62.01,False,2017
338,HDFCBANK,IL,11-07,1653.35,1700.0,1732.0,1700.0,1726.25,1726.25,1725.18,1409409,2431490800.0,81,1409409,100.0,True,2017
339,HDFCBANK,EQ,12-07,1680.4,1680.0,1685.0,1658.55,1680.55,1681.25,1675.45,1434723,2403800089.65,39173,807682,56.3,False,2017
340,HDFCBANK,IL,12-07,1726.25,1705.0,1705.0,1700.0,1700.0,1700.0,1700.21,208956,355269980.0,15,208956,100.0,True,2017
341,HDFCBANK,EQ,13-07,1681.25,1688.0,1693.3,1679.65,1681.05,1683.55,1687.47,1120251,1890389586.05,38013,794284,70.9,False,2017
342,HDFCBANK,IL,13-07,1700.0,1721.0,1721.0,1711.0,1711.0,1711.0,1719.08,885000,1521385000.0,30,235000,26.55,True,2017
343,HDFCBANK,EQ,14-07,1683.55,1683.9,1686.05,1672.0,1682.0,1679.95,1677.65,610813,1024730172.4,19545,245408,40.18,False,2017
344,HDFCBANK,IL,14-07,1711.0,1711.0,1715.0,1711.0,1712.5,1712.5,1712.9,252790,433002875.0,28,0,0.0,True,2017
345,HDFCBANK,EQ,17-07,1679.95,1682.55,1687.65,1677.0,1685.0,1682.35,1681.96,599835,1008899560.35,15125,382911,63.84,False,2017
346,HDFCBANK,EQ,18-07,1682.35,1679.7,1687.85,1677.35,1685.0,1683.55,1683.26,580547,977209674.65,20192,275144,47.39,False,2017
347,HDFCBANK,EQ,19-07,1683.55,1685.0,1696.2,1681.85,1691.4,1692.3,1691.79,996811,1686392425.5,23454,496495,49.81,False,2017
348,HDFCBANK,EQ,20-07,1692.3,1693.9,1715.0,1688.15,1712.0,1710.9,1701.51,924619,1573246423.25,29260,475755,51.45,False,2017
349,HDFCBANK,EQ,21-07,1710.9,1714.1,1715.25,1700.0,1703.25,1703.05,1708.42,968377,1654392958.35,21353,438841,45.32,False,2017
350,HDFCBANK,IL,21-07,1712.5,1751.0,1751.0,1743.5,1743.5,1743.5,1751.0,118728,207892713.0,4,118728,100.0,True,2017
351,HDFCBANK,EQ,24-07,1703.05,1710.0,1740.0,1695.0,1736.2,1735.1,1722.12,4919544,8472024384.4,120635,1776089,36.1,False,2017
352,HDFCBANK,IL,24-07,1743.5,1755.0,1755.0,1755.0,1755.0,1755.0,1755.0,125000,219375000.0,13,125000,100.0,True,2017
353,HDFCBANK,EQ,25-07,1735.1,1759.0,1759.0,1733.05,1735.85,1739.65,1746.35,2790117,4872510632.75,58567,1401306,50.22,False,2017
354,HDFCBANK,IL,25-07,1755.0,1791.5,1791.5,1791.5,1791.5,1791.5,1791.5,21816,39083364.0,4,21816,100.0,True,2017
355,HDFCBANK,EQ,26-07,1739.65,1742.0,1755.0,1732.5,1751.25,1747.55,1743.52,973836,1697904581.95,30206,460853,47.32,False,2017
356,HDFCBANK,IL,26-07,1791.5,1740.0,1750.0,1740.0,1750.0,1750.0,1745.0,2,3490.0,2,2,100.0,True,2017
357,HDFCBANK,EQ,27-07,1747.55,1756.0,1798.8,1751.55,1785.1,1789.65,1783.31,4490428,8007829721.7,53641,2776563,61.83,False,2017
358,HDFCBANK,IL,27-07,1750.0,1810.0,1820.0,1810.0,1820.0,1820.0,1815.67,252000,457550000.0,6,222000,88.1,True,2017
359,HDFCBANK,EQ,28-07,1789.65,1772.0,1786.5,1761.1,1774.4,1778.5,1773.42,2313849,4103424871.75,75518,1381677,59.71,False,2017
360,HDFCBANK,IL,28-07,1820.0,1825.0,1825.0,1825.0,1825.0,1825.0,1825.0,1,1825.0,1,1,100.0,True,2017
361,HDFCBANK,EQ,31-07,1778.5,1777.55,1791.0,1766.55,1782.0,1784.4,1778.4,1842285,3276319757.45,29449,1101211,59.77,False,2017
362,HDFCBANK,EQ,01-08,1784.4,1781.85,1809.15,1772.2,1806.0,1797.2,1787.29,2129215,3805526020.35,39634,1331147,62.52,False,2017
363,HDFCBANK,EQ,02-08,1797.2,1807.0,1807.0,1782.05,1789.4,1791.65,1793.32,1849479,3316710577.8,28704,1073262,58.03,False,2017
364,HDFCBANK,IL,02-08,1825.0,1825.0,1825.0,1821.0,1821.0,1821.0,1822.32,135903,247659363.0,6,135000,99.34,True,2017
365,HDFCBANK,EQ,03-08,1791.65,1788.0,1792.0,1774.4,1777.0,1779.95,1784.16,1064196,1898691929.45,40189,532455,50.03,False,2017
366,HDFCBANK,EQ,04-08,1779.95,1777.0,1796.75,1766.15,1788.0,1790.25,1783.23,886267,1580414900.5,27909,492301,55.55,False,2017
367,HDFCBANK,IL,04-08,1821.0,1810.0,1810.0,1810.0,1810.0,1810.0,1810.0,130757,236670170.0,4,130757,100.0,True,2017
368,HDFCBANK,EQ,07-08,1790.25,1786.0,1796.45,1785.0,1788.95,1788.55,1788.9,479665,858070796.5,23375,258332,53.86,False,2017
369,HDFCBANK,EQ,08-08,1788.55,1792.1,1797.25,1766.1,1776.2,1777.9,1777.66,1008843,1793381528.15,22100,480607,47.64,False,2017
370,HDFCBANK,IL,08-08,1810.0,1810.0,1810.0,1810.0,1810.0,1810.0,1810.0,148090,268042900.0,4,148090,100.0,True,2017
371,HDFCBANK,EQ,09-08,1777.9,1771.0,1777.05,1758.35,1764.85,1764.45,1765.73,817514,1443509253.85,28969,367123,44.91,False,2017
372,HDFCBANK,EQ,10-08,1764.45,1760.0,1766.0,1752.85,1759.9,1760.45,1759.88,1947111,3426688670.75,25032,824172,42.33,False,2017
373,HDFCBANK,EQ,11-08,1760.45,1745.0,1758.0,1731.15,1751.55,1749.05,1745.33,1589959,2775004879.35,44760,933883,58.74,False,2017
374,HDFCBANK,IL,11-08,1810.0,1766.5,1766.5,1760.0,1760.0,1760.0,1763.36,114000,201023500.0,5,114000,100.0,True,2017
375,HDFCBANK,EQ,14-08,1749.05,1753.0,1774.95,1748.0,1756.0,1757.2,1763.29,894271,1576861460.0,29948,381974,42.71,False,2017
376,HDFCBANK,EQ,16-08,1757.2,1762.35,1789.8,1748.55,1780.0,1781.25,1771.34,1106708,1960350803.55,33007,548143,49.53,False,2017
377,HDFCBANK,EQ,17-08,1781.25,1776.25,1780.95,1753.75,1768.0,1765.4,1770.23,1363717,2414091935.05,28952,430581,31.57,False,2017
378,HDFCBANK,EQ,18-08,1765.4,1760.0,1761.0,1743.0,1754.25,1752.15,1750.79,926866,1622750045.0,32410,591150,63.78,False,2017
379,HDFCBANK,EQ,21-08,1752.15,1754.0,1759.0,1738.2,1742.15,1743.2,1747.56,1002431,1751811096.15,29000,652267,65.07,False,2017
380,HDFCBANK,EQ,22-08,1743.2,1751.3,1754.0,1736.8,1748.55,1747.0,1744.99,1652389,2883401579.9,61483,1038533,62.85,False,2017
381,HDFCBANK,EQ,23-08,1747.0,1750.0,1777.95,1750.0,1769.1,1772.45,1767.91,840131,1485274496.2,28305,449582,53.51,False,2017
382,HDFCBANK,IL,23-08,1760.0,1775.0,1781.0,1775.0,1781.0,1781.0,1776.74,458879,815309721.0,22,408963,89.12,True,2017
383,HDFCBANK,EQ,24-08,1772.45,1774.9,1774.95,1759.15,1767.5,1762.5,1764.17,1969569,3474659289.25,29178,584539,29.68,False,2017
384,HDFCBANK,EQ,28-08,1762.5,1762.4,1771.15,1758.35,1759.75,1762.25,1764.02,376946,664940795.75,18676,164586,43.66,False,2017
385,HDFCBANK,EQ,29-08,1762.25,1759.0,1759.0,1738.0,1748.95,1746.15,1744.1,1229649,2144630136.0,25477,657465,53.47,False,2017
386,HDFCBANK,EQ,30-08,1746.15,1751.95,1770.0,1750.05,1769.65,1768.55,1763.86,673580,1188103641.85,18278,340011,50.48,False,2017
387,HDFCBANK,EQ,31-08,1768.55,1772.0,1779.85,1756.4,1769.0,1776.45,1772.21,1825859,3235800483.15,36463,844787,46.27,False,2017
388,HDFCBANK,IL,31-08,1781.0,1780.0,1780.0,1780.0,1780.0,1780.0,1780.0,189780,337808400.0,6,189780,100.0,True,2017
389,HDFCBANK,EQ,01-09,1776.45,1781.0,1781.45,1761.1,1765.0,1767.6,1771.67,573793,1016570200.0,19096,240856,41.98,False,2017
390,HDFCBANK,IL,01-09,1780.0,1779.0,1780.0,1778.0,1778.0,1778.0,1779.0,90000,160110000.0,5,65000,72.22,True,2017
391,HDFCBANK,EQ,04-09,1767.6,1765.0,1765.0,1746.1,1750.0,1750.9,1752.37,910631,1595764535.85,31359,527482,57.92,False,2017
392,HDFCBANK,IL,04-09,1778.0,1770.0,1770.0,1770.0,1770.0,1770.0,1770.0,10164,17990280.0,3,0,0.0,True,2017
393,HDFCBANK,EQ,05-09,1750.9,1757.0,1764.9,1751.0,1755.0,1755.35,1757.77,920609,1618215150.85,24788,439271,47.72,False,2017
394,HDFCBANK,EQ,06-09,1755.35,1743.75,1762.8,1738.0,1761.55,1759.9,1753.59,1437908,2521503245.4,24340,869626,60.48,False,2017
395,HDFCBANK,EQ,07-09,1759.9,1760.1,1776.75,1760.1,1765.25,1766.55,1766.63,1736605,3067935845.9,27641,605806,34.88,False,2017
396,HDFCBANK,EQ,08-09,1766.55,1773.4,1790.0,1771.0,1785.0,1787.65,1781.89,2077916,3702622520.6,33955,1234323,59.4,False,2017
397,HDFCBANK,IL,08-09,1770.0,1780.0,1790.0,1780.0,1790.0,1790.0,1781.42,326202,581101580.0,14,325697,99.85,True,2017
398,HDFCBANK,EQ,11-09,1787.65,1793.0,1829.0,1790.2,1822.0,1823.35,1816.72,2869419,5212939744.6,88980,1733975,60.43,False,2017
399,HDFCBANK,IL,11-09,1790.0,1815.0,1815.0,1815.0,1815.0,1815.0,1815.0,500000,907500000.0,10,500000,100.0,True,2017
400,HDFCBANK,EQ,12-09,1823.35,1827.7,1839.9,1818.3,1837.1,1835.2,1833.12,1671920,3064825860.1,67989,919925,55.02,False,2017
401,HDFCBANK,EQ,13-09,1835.2,1835.0,1849.0,1824.0,1843.25,1841.85,1841.58,1248844,2299847291.95,30091,657075,52.61,False,2017
402,HDFCBANK,IL,13-09,1815.0,1840.0,1840.0,1840.0,1840.0,1840.0,1840.0,50000,92000000.0,2,50000,100.0,True,2017
403,HDFCBANK,EQ,14-09,1841.85,1840.15,1852.5,1831.5,1840.0,1839.4,1839.93,2038504,3750701010.7,29517,557209,27.33,False,2017
404,HDFCBANK,EQ,15-09,1839.4,1836.0,1851.8,1833.45,1850.0,1848.95,1845.98,941833,1738607041.2,24200,487645,51.78,False,2017
405,HDFCBANK,EQ,18-09,1848.95,1853.55,1864.45,1852.5,1860.0,1860.45,1861.58,1021232,1901109128.2,29374,754277,73.86,False,2017
406,HDFCBANK,EQ,19-09,1860.45,1864.9,1868.0,1847.55,1847.55,1849.7,1858.58,1060367,1970780896.0,23565,684467,64.55,False,2017
407,HDFCBANK,IL,19-09,1840.0,1870.0,1870.0,1870.0,1870.0,1870.0,1870.0,72000,134640000.0,6,72000,100.0,True,2017
408,HDFCBANK,EQ,20-09,1849.7,1848.0,1861.45,1845.25,1850.0,1848.85,1850.15,861532,1593967559.2,26905,579361,67.25,False,2017
409,HDFCBANK,IL,20-09,1870.0,1860.5,1860.5,1850.0,1850.0,1850.0,1852.44,87900,162829450.0,12,87900,100.0,True,2017
410,HDFCBANK,EQ,21-09,1848.85,1848.0,1848.5,1830.7,1843.0,1839.1,1839.29,1928124,3546374079.25,50920,1006098,52.18,False,2017
411,HDFCBANK,IL,21-09,1850.0,1845.0,1845.0,1836.95,1836.95,1836.95,1840.54,162000,298167750.0,5,112000,69.14,True,2017
412,HDFCBANK,EQ,22-09,1839.1,1834.8,1838.95,1820.0,1823.0,1824.1,1826.77,2060881,3764746963.9,52897,1491250,72.36,False,2017
413,HDFCBANK,IL,22-09,1836.95,1831.0,1831.0,1831.0,1831.0,1831.0,1831.0,18807,34435617.0,1,18807,100.0,True,2017
414,HDFCBANK,EQ,25-09,1824.1,1822.45,1822.45,1792.6,1798.8,1799.75,1802.36,2537307,4573149061.6,86102,1735249,68.39,False,2017
415,HDFCBANK,IL,25-09,1831.0,1810.25,1812.5,1797.5,1799.0,1799.0,1802.09,415949,749577700.0,88,415949,100.0,True,2017
416,HDFCBANK,EQ,26-09,1799.75,1789.05,1796.6,1785.0,1791.0,1792.3,1790.07,2859683,5119024677.3,69670,2089818,73.08,False,2017
417,HDFCBANK,EQ,27-09,1792.3,1796.0,1805.6,1770.0,1780.55,1776.5,1779.35,1834305,3263870334.3,50529,1187303,64.73,False,2017
418,HDFCBANK,IL,27-09,1799.0,1780.0,1780.0,1780.0,1780.0,1780.0,1780.0,250000,445000000.0,5,250000,100.0,True,2017
419,HDFCBANK,EQ,28-09,1776.5,1774.0,1799.0,1763.3,1795.0,1795.3,1789.02,6911616,12365024438.9,97472,3794792,54.9,False,2017
420,HDFCBANK,IL,28-09,1780.0,1780.0,1780.0,1780.0,1780.0,1780.0,1780.0,200000,356000000.0,4,200000,100.0,True,2017
421,HDFCBANK,EQ,29-09,1795.3,1800.1,1822.0,1796.25,1800.05,1805.7,1812.45,1553408,2815470649.5,58153,1016550,65.44,False,2017
422,HDFCBANK,IL,29-09,1780.0,1840.0,1840.0,1815.0,1816.4,1816.4,1820.5,1000,1820500.0,4,1000,100.0,True,2017
423,HDFCBANK,EQ,03-10,1805.7,1808.0,1821.0,1797.1,1810.2,1808.85,1811.27,1098606,1989876645.7,34504,589947,53.7,False,2017
424,HDFCBANK,EQ,04-10,1808.85,1807.9,1811.9,1793.35,1794.0,1797.0,1804.18,1656276,2988217758.3,25580,1215255,73.37,False,2017
425,HDFCBANK,EQ,05-10,1797.0,1795.0,1805.0,1793.1,1798.8,1798.6,1800.4,834049,1501622831.9,38155,427038,51.2,False,2017
426,HDFCBANK,IL,05-10,1816.4,1806.0,1807.0,1802.0,1802.0,1802.0,1805.18,192191,346939137.0,6,192191,100.0,True,2017
427,HDFCBANK,EQ,06-10,1798.6,1798.0,1804.45,1794.0,1799.95,1800.1,1799.53,757665,1363439873.3,24959,376128,49.64,False,2017
428,HDFCBANK,IL,06-10,1802.0,1809.0,1809.0,1807.0,1807.0,1807.0,1807.75,32000,57848000.0,2,32000,100.0,True,2017
429,HDFCBANK,EQ,09-10,1800.1,1798.8,1803.0,1790.5,1795.15,1795.5,1797.35,765623,1376094774.5,27930,520471,67.98,False,2017
430,HDFCBANK,EQ,10-10,1795.5,1799.0,1814.95,1792.65,1800.0,1802.7,1806.18,949545,1715046387.4,30047,516925,54.44,False,2017
431,HDFCBANK,IL,10-10,1807.0,1800.0,1810.0,1800.0,1810.0,1810.0,1805.29,63761,115107410.0,5,63761,100.0,True,2017
432,HDFCBANK,EQ,11-10,1802.7,1803.25,1815.25,1787.6,1789.0,1790.15,1802.03,1316860,2373017278.75,36368,902433,68.53,False,2017
433,HDFCBANK,EQ,12-10,1790.15,1795.1,1821.45,1788.0,1820.0,1818.8,1805.42,1345390,2428990122.5,20722,650121,48.32,False,2017
434,HDFCBANK,EQ,13-10,1818.8,1826.7,1856.55,1822.0,1848.9,1850.8,1845.91,1608366,2968902053.05,38331,921394,57.29,False,2017
435,HDFCBANK,EQ,16-10,1850.8,1860.0,1873.25,1842.0,1854.15,1857.15,1857.21,818636,1520380114.65,17387,282082,34.46,False,2017
436,HDFCBANK,EQ,17-10,1857.15,1850.0,1853.7,1839.1,1848.95,1851.25,1848.53,653322,1207682521.05,21579,286796,43.9,False,2017
437,HDFCBANK,IL,17-10,1810.0,1855.0,1858.5,1855.0,1858.5,1858.5,1857.53,103576,192395980.0,12,103576,100.0,True,2017
438,HDFCBANK,EQ,18-10,1851.25,1841.0,1875.0,1839.0,1866.25,1868.5,1864.24,981680,1830089740.8,21247,454935,46.34,False,2017
439,HDFCBANK,IL,18-10,1858.5,1858.0,1873.0,1858.0,1873.0,1873.0,1867.53,1102364,2058701321.3,49,1102364,100.0,True,2017
440,HDFCBANK,EQ,19-10,1868.5,1861.8,1865.0,1840.65,1845.0,1848.4,1853.98,142502,264195241.2,5682,69002,48.42,False,2017
441,HDFCBANK,EQ,23-10,1848.4,1859.9,1869.7,1836.05,1865.85,1863.3,1850.99,1040723,1926372969.3,30073,581885,55.91,False,2017
442,HDFCBANK,IL,23-10,1873.0,1866.25,1866.25,1866.25,1866.25,1866.25,1866.25,115746,216010972.5,4,115746,100.0,True,2017
443,HDFCBANK,EQ,24-10,1863.3,1863.0,1879.6,1853.0,1866.55,1867.1,1866.12,2832218,5285245263.55,66436,848580,29.96,False,2017
444,HDFCBANK,IL,24-10,1866.25,1870.0,1873.0,1867.0,1867.0,1867.0,1870.16,123000,230030000.0,11,58000,47.15,True,2017
445,HDFCBANK,EQ,25-10,1867.1,1860.0,1863.0,1785.0,1795.15,1795.1,1800.74,5341802,9619220470.25,173315,3343490,62.59,False,2017
446,HDFCBANK,EQ,26-10,1795.1,1768.0,1810.0,1757.85,1791.7,1795.35,1789.19,7142866,12779964395.95,184420,4974132,69.64,False,2017
447,HDFCBANK,IL,26-10,1867.0,1766.0,1779.0,1766.0,1779.0,1779.0,1774.48,115000,204065000.0,4,115000,100.0,True,2017
448,HDFCBANK,EQ,27-10,1795.35,1804.4,1807.5,1779.0,1787.9,1791.05,1792.86,1868022,3349109113.65,49615,1118984,59.9,False,2017
449,HDFCBANK,IL,27-10,1779.0,1797.0,1797.0,1797.0,1797.0,1797.0,1797.0,150000,269550000.0,4,150000,100.0,True,2017
450,HDFCBANK,EQ,30-10,1791.05,1798.25,1816.0,1792.4,1815.75,1815.0,1805.49,1355588,2447503452.15,27755,880144,64.93,False,2017
451,HDFCBANK,EQ,31-10,1815.0,1811.5,1811.5,1799.25,1809.45,1808.5,1805.2,1170615,2113192779.85,55768,722914,61.76,False,2017
452,HDFCBANK,EQ,01-11,1808.5,1815.1,1825.0,1812.0,1822.5,1821.2,1819.3,1047653,1905990950.35,26503,573002,54.69,False,2017
453,HDFCBANK,EQ,02-11,1821.2,1823.0,1829.8,1816.95,1820.0,1822.1,1822.05,1184486,2158197543.05,30785,739301,62.42,False,2017
454,HDFCBANK,EQ,03-11,1822.1,1825.7,1840.0,1821.6,1830.0,1830.7,1829.95,952622,1743253303.15,50442,561501,58.94,False,2017
455,HDFCBANK,EQ,06-11,1830.7,1825.0,1840.0,1822.6,1828.0,1828.6,1833.27,1537061,2817847902.95,51333,821944,53.48,False,2017
456,HDFCBANK,IL,06-11,1797.0,1857.0,1860.0,1852.6,1860.0,1860.0,1857.59,1206,2240256.6,27,1206,100.0,True,2017
457,HDFCBANK,EQ,07-11,1828.6,1838.0,1844.95,1820.75,1825.0,1823.7,1828.67,1861594,3404233842.3,41972,1396048,74.99,False,2017
458,HDFCBANK,EQ,08-11,1823.7,1825.2,1833.6,1819.0,1822.6,1825.95,1826.22,820786,1498935108.3,20749,498960,60.79,False,2017
459,HDFCBANK,EQ,09-11,1825.95,1827.0,1835.0,1821.1,1834.0,1827.85,1826.26,778327,1421424359.7,12695,381328,48.99,False,2017
460,HDFCBANK,IL,09-11,1860.0,1840.0,1840.0,1840.0,1840.0,1840.0,1840.0,110000,202400000.0,5,110000,100.0,True,2017
461,HDFCBANK,EQ,10-11,1827.85,1821.7,1834.8,1812.35,1823.95,1822.0,1821.63,1936090,3526848073.95,22186,1525422,78.79,False,2017
462,HDFCBANK,EQ,13-11,1822.0,1822.0,1823.15,1795.0,1814.25,1813.55,1806.89,833968,1506888248.8,25953,529394,63.48,False,2017
463,HDFCBANK,EQ,14-11,1813.55,1815.9,1819.0,1800.0,1801.35,1802.35,1805.86,1178117,2127513692.85,33880,898608,76.27,False,2017
464,HDFCBANK,IL,14-11,1840.0,1805.0,1805.0,1805.0,1805.0,1805.0,1805.0,36482,65850010.0,2,36482,100.0,True,2017
465,HDFCBANK,EQ,15-11,1802.35,1798.0,1803.65,1788.0,1799.25,1800.25,1796.37,1537092,2761182588.85,26862,1177181,76.58,False,2017
466,HDFCBANK,EQ,16-11,1800.25,1804.0,1816.0,1795.2,1812.95,1807.7,1807.23,1003243,1813088828.0,32161,631891,62.98,False,2017
467,HDFCBANK,IL,16-11,1805.0,1806.4,1810.0,1806.4,1810.0,1810.0,1808.2,100000,180820000.0,8,100000,100.0,True,2017
468,HDFCBANK,EQ,17-11,1807.7,1828.7,1838.3,1813.15,1822.0,1825.55,1827.72,1589693,2905508996.75,44931,797013,50.14,False,2017
469,HDFCBANK,EQ,20-11,1825.55,1829.0,1839.7,1829.0,1836.05,1838.15,1836.08,598106,1098170760.45,30131,336543,56.27,False,2017
470,HDFCBANK,EQ,21-11,1838.15,1837.45,1850.0,1836.1,1848.0,1846.25,1845.41,568883,1049822787.25,17143,349608,61.46,False,2017
471,HDFCBANK,IL,21-11,1810.0,1854.5,1856.25,1854.3,1856.0,1856.0,1854.83,334,619513.2,14,334,100.0,True,2017
472,HDFCBANK,EQ,22-11,1846.25,1849.7,1860.0,1844.55,1854.6,1855.25,1853.89,1415199,2623628896.95,31420,944319,66.73,False,2017
473,HDFCBANK,EQ,23-11,1855.25,1859.0,1860.0,1838.0,1840.0,1842.85,1847.79,808145,1493278728.15,16903,492990,61.0,False,2017
474,HDFCBANK,EQ,24-11,1842.85,1843.0,1857.8,1841.0,1857.5,1851.4,1848.31,1300921,2404501397.4,26271,979768,75.31,False,2017
475,HDFCBANK,EQ,27-11,1851.4,1849.0,1862.0,1845.6,1860.15,1857.55,1852.09,967618,1792111671.55,75853,622801,64.36,False,2017
476,HDFCBANK,EQ,28-11,1857.55,1856.0,1871.0,1855.85,1867.15,1865.35,1866.29,1272635,2375105182.85,44306,921267,72.39,False,2017
477,HDFCBANK,EQ,29-11,1865.35,1865.0,1875.5,1855.8,1873.0,1873.3,1869.11,818646,1530142584.45,17331,476557,58.21,False,2017
478,HDFCBANK,EQ,30-11,1873.3,1868.7,1873.95,1840.0,1852.75,1853.7,1859.89,1449078,2695122047.35,37220,770804,53.19,False,2017
479,HDFCBANK,EQ,01-12,1853.7,1854.9,1860.0,1844.1,1850.85,1848.2,1850.81,964537,1785177398.1,39290,598556,62.06,False,2017
480,HDFCBANK,EQ,04-12,1848.2,1854.9,1854.9,1830.1,1836.3,1834.1,1840.43,910483,1675680713.0,36729,629502,69.14,False,2017
481,HDFCBANK,EQ,05-12,1834.1,1826.0,1828.55,1807.0,1824.9,1820.45,1818.21,973340,1769739387.85,30980,546351,56.13,False,2017
482,HDFCBANK,EQ,06-12,1820.45,1819.95,1821.35,1799.0,1799.3,1803.3,1809.42,1598780,2892866502.15,47014,1164494,72.84,False,2017
483,HDFCBANK,EQ,07-12,1803.3,1806.65,1816.6,1803.1,1810.9,1809.65,1809.12,1057826,1913737162.85,49113,626080,59.19,False,2017
484,HDFCBANK,IL,07-12,1856.0,1805.0,1809.5,1805.0,1809.5,1809.5,1805.53,340000,613880000.0,8,340000,100.0,True,2017
485,HDFCBANK,EQ,08-12,1809.65,1814.0,1853.0,1814.0,1842.25,1840.4,1839.43,2239100,4118673540.75,38922,1482220,66.2,False,2017
486,HDFCBANK,EQ,11-12,1840.4,1848.0,1851.75,1840.0,1846.4,1846.4,1846.99,799558,1476774981.65,45584,490124,61.3,False,2017
487,HDFCBANK,IL,11-12,1809.5,1843.0,1843.0,1843.0,1843.0,1843.0,1843.0,857750,1580833250.0,219,857750,100.0,True,2017
488,HDFCBANK,EQ,12-12,1846.4,1849.1,1849.9,1815.95,1818.0,1819.9,1826.78,602647,1100901256.8,17546,315406,52.34,False,2017
489,HDFCBANK,EQ,13-12,1819.9,1820.05,1845.0,1815.1,1821.4,1821.35,1832.2,726865,1331763552.75,27628,270762,37.25,False,2017
490,HDFCBANK,IL,13-12,1843.0,1823.0,1823.0,1823.0,1823.0,1823.0,1823.0,2732642,4981606366.0,56,2732642,100.0,True,2017
491,HDFCBANK,EQ,14-12,1821.35,1824.0,1840.0,1812.0,1837.1,1838.05,1826.18,920773,1681496960.9,21825,441606,47.96,False,2017
492,HDFCBANK,EQ,15-12,1838.05,1856.0,1888.0,1855.5,1871.0,1873.45,1877.73,3112531,5844489331.25,68576,1845713,59.3,False,2017
493,HDFCBANK,IL,15-12,1823.0,1880.0,1880.0,1880.0,1880.0,1880.0,1880.0,74902,140815760.0,2,74902,100.0,True,2017
494,HDFCBANK,EQ,18-12,1873.45,1855.0,1899.0,1809.3,1878.4,1878.95,1876.25,3074497,5768529010.9,46417,1558319,50.69,False,2017
495,HDFCBANK,EQ,19-12,1878.95,1879.8,1893.65,1876.15,1886.95,1884.5,1884.02,1238028,2332475336.0,34874,666370,53.83,False,2017
496,HDFCBANK,EQ,20-12,1884.5,1898.9,1903.1,1863.65,1866.35,1868.15,1885.29,2335876,4403801177.45,83598,1303739,55.81,False,2017
497,HDFCBANK,EQ,21-12,1868.15,1879.9,1885.0,1865.2,1866.05,1868.3,1871.04,1713636,3206288352.65,57272,1059344,61.82,False,2017
498,HDFCBANK,IL,21-12,1880.0,1870.0,1870.0,1870.0,1870.0,1870.0,1870.0,25343,47391410.0,12,343,1.35,True,2017
499,HDFCBANK,EQ,22-12,1868.3,1879.0,1880.0,1861.75,1874.65,1876.65,1870.36,1117726,2090553505.8,46791,609701,54.55,False,2017
500,HDFCBANK,EQ,26-12,1876.65,1881.0,1882.8,1856.7,1870.0,1868.35,1867.6,1696424,3168235275.05,23017,1186061,69.92,False,2017
501,HDFCBANK,EQ,27-12,1868.35,1870.1,1870.3,1851.15,1852.5,1856.75,1863.9,872346,1625967980.3,21881,569939,65.33,False,2017
502,HDFCBANK,EQ,28-12,1856.75,1858.9,1880.9,1858.0,1870.05,1878.05,1873.07,2175130,4074175062.75,42854,1373463,63.14,False,2017
503,HDFCBANK,EQ,29-12,1878.05,1876.8,1879.2,1868.15,1871.4,1872.4,1873.42,1586468,2972120303.05,29466,1059416,66.78,False,2017
504,HDFCBANK,EQ,01-01,1872.4,1872.7,1880.75,1850.5,1855.0,1854.5,1862.24,1645129,3063622972.65,30994,1222191,74.29,False,2018
505,HDFCBANK,EQ,02-01,1854.5,1858.55,1875.0,1858.55,1869.8,1872.35,1868.27,1194079,2230859132.95,33877,737318,61.75,False,2018
506,HDFCBANK,IL,02-01,1870.0,1886.05,1886.05,1886.0,1886.0,1886.0,1886.01,280000,528081500.0,10,280000,100.0,True,2018
507,HDFCBANK,EQ,03-01,1872.35,1875.0,1878.25,1851.2,1853.85,1852.65,1859.01,1132822,2105921940.5,39569,765751,67.6,False,2018
508,HDFCBANK,IL,03-01,1886.0,1880.0,1884.0,1880.0,1880.0,1880.0,1880.13,313995,590350600.0,32,303995,96.82,True,2018
509,HDFCBANK,EQ,04-01,1852.65,1853.0,1865.5,1853.0,1859.25,1859.9,1860.54,593444,1104125326.3,11185,300493,50.64,False,2018
510,HDFCBANK,EQ,05-01,1859.9,1863.0,1868.05,1855.55,1863.05,1863.6,1862.6,717717,1336816277.05,20342,394247,54.93,False,2018
511,HDFCBANK,IL,05-01,1880.0,1865.0,1865.0,1865.0,1865.0,1865.0,1865.0,75000,139875000.0,6,75000,100.0,True,2018
512,HDFCBANK,EQ,08-01,1863.6,1865.0,1870.7,1857.75,1864.0,1860.6,1861.87,1142577,2127331034.75,17668,792771,69.38,False,2018
513,HDFCBANK,IL,08-01,1865.0,1870.0,1870.0,1865.5,1866.0,1866.0,1866.5,110000,205315000.0,11,110000,100.0,True,2018
514,HDFCBANK,EQ,09-01,1860.6,1862.0,1869.85,1855.0,1862.7,1863.7,1861.62,1326382,2469224839.75,49929,959503,72.34,False,2018
515,HDFCBANK,IL,09-01,1866.0,1859.0,1860.0,1857.8,1857.8,1857.8,1858.92,152000,282555600.0,12,152000,100.0,True,2018
516,HDFCBANK,EQ,10-01,1863.7,1865.2,1867.9,1857.3,1860.45,1864.2,1863.6,1153972,2150540894.55,18186,880760,76.32,False,2018
517,HDFCBANK,EQ,11-01,1864.2,1864.2,1876.0,1856.25,1873.95,1872.55,1868.69,1014774,1896296273.9,26221,622410,61.33,False,2018
518,HDFCBANK,EQ,12-01,1872.55,1873.0,1878.15,1860.0,1865.0,1865.3,1868.58,1084177,2025876708.1,29065,566529,52.25,False,2018
519,HDFCBANK,EQ,15-01,1865.3,1869.95,1904.4,1859.85,1893.05,1897.75,1891.97,3144111,5948565811.3,68116,1638414,52.11,False,2018
520,HDFCBANK,EQ,16-01,1897.75,1903.45,1910.0,1885.25,1900.1,1900.15,1899.62,1611346,3060951108.75,60260,827555,51.36,False,2018
521,HDFCBANK,IL,16-01,1857.8,1910.0,1920.0,1910.0,1920.0,1920.0,1910.24,210000,401150000.0,30,210000,100.0,True,2018
522,HDFCBANK,EQ,17-01,1900.15,1897.0,1902.55,1887.0,1891.6,1890.5,1893.05,726374,1375065564.25,25142,346150,47.65,False,2018
523,HDFCBANK,EQ,18-01,1890.5,1924.0,1954.0,1918.05,1933.05,1934.3,1939.75,4162385,8073993015.75,79152,1499386,36.02,False,2018
524,HDFCBANK,IL,18-01,1920.0,1965.0,1973.0,1965.0,1973.0,1973.0,1969.8,250000,492450000.0,9,150000,60.0,True,2018
525,HDFCBANK,EQ,19-01,1934.3,1935.15,1959.9,1919.25,1949.35,1952.2,1947.44,2863997,5577473372.55,62844,861137,30.07,False,2018
526,HDFCBANK,EQ,22-01,1952.2,1960.0,1988.0,1953.15,1962.5,1963.35,1969.82,2212442,4358108235.7,87200,961425,43.46,False,2018
527,HDFCBANK,IL,22-01,1973.0,2040.0,2040.0,2040.0,2040.0,2040.0,2040.0,28765,58680600.0,1,0,0.0,True,2018
528,HDFCBANK,EQ,23-01,1963.35,1965.0,1966.7,1943.3,1951.5,1951.3,1953.81,1261949,2465611788.75,41602,726995,57.61,False,2018
529,HDFCBANK,EQ,24-01,1951.3,1952.55,1969.0,1950.6,1957.6,1957.65,1958.02,1197642,2345001018.5,20553,698354,58.31,False,2018
530,HDFCBANK,EQ,25-01,1957.65,1953.9,1980.0,1950.5,1969.0,1974.95,1968.83,2180917,4293844957.45,33097,1165553,53.44,False,2018
531,HDFCBANK,IL,25-01,2040.0,2039.5,2039.5,2039.5,2039.5,2039.5,2039.5,100000,203950000.0,11,100000,100.0,True,2018
532,HDFCBANK,EQ,29-01,1974.95,1978.0,2006.95,1978.0,2000.6,1999.65,1995.69,2058973,4109064049.9,48366,1249653,60.69,False,2018
533,HDFCBANK,EQ,30-01,1999.65,1997.8,2001.9,1984.15,1995.55,1995.5,1994.03,1599390,3189237269.9,37667,1057272,66.1,False,2018
534,HDFCBANK,EQ,31-01,1995.5,1989.4,2013.5,1987.0,2004.6,2005.7,2003.12,1735837,3477096561.15,45781,1045031,60.2,False,2018
535,HDFCBANK,EQ,01-02,2005.7,2006.0,2015.0,1985.3,1986.5,1991.15,2001.09,1630355,3262488565.95,34891,701699,43.04,False,2018
536,HDFCBANK,EQ,02-02,1991.15,1986.0,1989.9,1941.5,1941.5,1948.0,1963.93,1836531,3606812369.0,60365,1231464,67.05,False,2018
537,HDFCBANK,EQ,05-02,1948.0,1918.0,1935.25,1905.85,1918.0,1913.85,1916.75,1981696,3798409854.65,49748,1385911,69.94,False,2018
538,HDFCBANK,EQ,06-02,1913.85,1860.0,1912.0,1836.3,1898.8,1896.8,1868.86,2687451,5022468828.2,74329,1279189,47.6,False,2018
539,HDFCBANK,IL,06-02,2039.5,1890.0,1890.0,1890.0,1890.0,1890.0,1890.0,330000,623700000.0,26,330000,100.0,True,2018
540,HDFCBANK,EQ,07-02,1896.8,1907.0,1907.0,1862.4,1868.5,1872.8,1875.43,2091243,3921971760.25,57480,993289,47.5,False,2018
541,HDFCBANK,IL,07-02,1890.0,1936.0,1936.0,1936.0,1936.0,1936.0,1936.0,120463,233216368.0,7,120463,100.0,True,2018
542,HDFCBANK,EQ,08-02,1872.8,1884.0,1898.6,1866.5,1882.0,1880.95,1887.25,1292861,2439953543.35,53803,559966,43.31,False,2018
543,HDFCBANK,EQ,09-02,1880.95,1847.9,1864.7,1844.1,1852.0,1849.5,1853.01,1602238,2968965973.2,52830,837518,52.27,False,2018
544,HDFCBANK,IL,09-02,1936.0,1910.0,1910.0,1909.0,1909.0,1909.0,1909.85,110000,210083000.0,3,110000,100.0,True,2018
545,HDFCBANK,EQ,12-02,1849.5,1860.0,1886.0,1855.15,1880.0,1876.65,1872.43,1095277,2050832316.7,22502,700531,63.96,False,2018
546,HDFCBANK,EQ,14-02,1876.65,1889.8,1897.9,1874.65,1879.85,1883.15,1889.56,894297,1689825412.3,31815,517624,57.88,False,2018
547,HDFCBANK,EQ,15-02,1883.15,1889.7,1894.75,1875.0,1881.25,1881.9,1882.55,1228806,2313293856.75,32753,742302,60.41,False,2018
548,HDFCBANK,EQ,16-02,1881.9,1883.9,1894.85,1875.65,1880.4,1878.6,1883.79,895880,1687649892.1,22732,355509,39.68,False,2018
549,HDFCBANK,EQ,19-02,1878.6,1882.6,1887.6,1859.05,1880.0,1878.2,1876.45,913638,1714398525.1,25194,457562,50.08,False,2018
550,HDFCBANK,EQ,20-02,1878.2,1884.75,1885.85,1858.8,1860.15,1863.2,1875.4,1021017,1914810586.35,31634,582362,57.04,False,2018
551,HDFCBANK,EQ,21-02,1863.2,1867.95,1868.55,1852.2,1859.2,1857.4,1858.84,688268,1279377292.3,32317,352348,51.19,False,2018
552,HDFCBANK,EQ,22-02,1857.4,1850.0,1860.0,1841.55,1850.15,1853.2,1851.2,3313399,6133748038.6,41538,1640988,49.53,False,2018
553,HDFCBANK,EQ,23-02,1853.2,1856.9,1884.85,1850.4,1877.0,1880.55,1869.03,1019187,1904887235.65,18810,553315,54.29,False,2018
554,HDFCBANK,EQ,26-02,1880.55,1888.1,1914.8,1883.55,1912.5,1911.55,1904.1,1197221,2279631074.55,30059,692072,57.81,False,2018
555,HDFCBANK,EQ,27-02,1911.55,1914.75,1921.75,1900.0,1900.5,1902.55,1908.74,1196832,2284446196.6,26645,764702,63.89,False,2018
556,HDFCBANK,EQ,28-02,1902.55,1889.55,1895.45,1878.0,1888.0,1884.2,1883.79,1016591,1915043360.4,29207,533917,52.52,False,2018
557,HDFCBANK,EQ,01-03,1884.2,1879.3,1893.3,1868.0,1868.05,1874.35,1884.58,977460,1842102392.05,24955,492115,50.35,False,2018
558,HDFCBANK,EQ,05-03,1874.35,1874.15,1878.0,1858.25,1866.0,1869.95,1867.66,945366,1765625423.4,60906,482154,51.0,False,2018
559,HDFCBANK,IL,05-03,1909.0,1901.0,1901.0,1901.0,1901.0,1901.0,1901.0,329654,626672254.0,7,329654,100.0,True,2018
560,HDFCBANK,EQ,06-03,1869.95,1870.0,1879.9,1839.5,1840.0,1846.25,1864.57,1144207,2133448786.3,32346,587401,51.34,False,2018
561,HDFCBANK,EQ,07-03,1846.25,1840.0,1853.4,1828.5,1831.1,1832.6,1839.17,1407041,2587784690.15,41147,786990,55.93,False,2018
562,HDFCBANK,EQ,08-03,1832.6,1839.8,1858.5,1832.0,1850.0,1852.85,1844.42,1379681,2544714180.1,26260,841822,61.02,False,2018
563,HDFCBANK,IL,08-03,1901.0,1850.0,1856.0,1850.0,1850.0,1850.0,1850.35,915600,1694184600.0,39,915600,100.0,True,2018
564,HDFCBANK,EQ,09-03,1852.85,1854.95,1865.25,1844.0,1846.15,1851.05,1856.06,1027027,1906219129.55,29867,583405,56.81,False,2018
565,HDFCBANK,EQ,12-03,1851.05,1860.2,1869.45,1853.4,1866.3,1867.25,1863.99,1639279,3055594028.9,34880,1156796,70.57,False,2018
566,HDFCBANK,EQ,13-03,1867.25,1867.45,1884.75,1855.0,1859.45,1860.25,1870.24,1281050,2395869816.4,32044,696918,54.4,False,2018
567,HDFCBANK,EQ,14-03,1860.25,1856.0,1867.9,1848.0,1864.0,1864.5,1857.75,920098,1709311423.0,36271,509645,55.39,False,2018
568,HDFCBANK,EQ,15-03,1864.5,1865.2,1887.5,1865.2,1873.5,1880.8,1879.2,1467731,2758155776.8,44905,802388,54.67,False,2018
569,HDFCBANK,IL,15-03,1850.0,1900.0,1900.0,1900.0,1900.0,1900.0,1900.0,130933,248772700.0,5,130933,100.0,True,2018
570,HDFCBANK,EQ,16-03,1880.8,1880.0,1881.1,1846.55,1858.0,1853.0,1861.09,1974084,3673949096.8,35446,1068955,54.15,False,2018
571,HDFCBANK,EQ,19-03,1853.0,1853.0,1860.0,1843.15,1847.0,1847.25,1851.78,1959685,3628898883.95,60212,1210689,61.78,False,2018
572,HDFCBANK,IL,19-03,1900.0,1880.0,1880.0,1880.0,1880.0,1880.0,1880.0,276457,519739160.0,12,276457,100.0,True,2018
573,HDFCBANK,EQ,20-03,1847.25,1845.1,1855.9,1835.25,1842.9,1839.5,1845.17,914343,1687115132.5,23270,453848,49.64,False,2018
574,HDFCBANK,EQ,21-03,1839.5,1848.0,1863.2,1843.3,1858.95,1858.9,1853.89,1480285,2744280455.5,44655,947180,63.99,False,2018
575,HDFCBANK,EQ,22-03,1858.9,1858.9,1880.0,1855.1,1863.0,1867.75,1872.05,1668306,3123149751.5,37562,856679,51.35,False,2018
576,HDFCBANK,IL,22-03,1880.0,1917.0,1917.0,1917.0,1917.0,1917.0,1917.0,101651,194864967.0,5,101651,100.0,True,2018
577,HDFCBANK,EQ,23-03,1867.75,1846.65,1853.1,1837.25,1842.25,1841.55,1844.22,1797538,3315060067.5,34048,886132,49.3,False,2018
578,HDFCBANK,IL,23-03,1917.0,1880.0,1886.0,1880.0,1886.0,1886.0,1881.75,60767,114348562.0,3,60767,100.0,True,2018
579,HDFCBANK,EQ,26-03,1841.55,1839.9,1900.0,1833.5,1896.2,1893.45,1868.66,2625442,4906054711.2,86610,1573073,59.92,False,2018
580,HDFCBANK,IL,26-03,1886.0,1900.0,1900.0,1900.0,1900.0,1900.0,1900.0,49755,94534500.0,2,0,0.0,True,2018
581,HDFCBANK,EQ,27-03,1893.45,1893.8,1899.0,1876.0,1894.05,1892.6,1888.52,1534209,2897382139.25,31150,797281,51.97,False,2018
582,HDFCBANK,EQ,28-03,1892.6,1882.95,1899.7,1876.05,1890.0,1886.1,1886.44,2209377,4167862538.7,50573,1205141,54.55,False,2018
583,HDFCBANK,IL,28-03,1900.0,1915.0,1929.0,1915.0,1929.0,1929.0,1922.26,1157103,2224252245.0,46,1157103,100.0,True,2018
584,HDFCBANK,EQ,02-04,1886.1,1890.5,1935.75,1890.5,1931.9,1931.2,1917.34,1149092,2203201439.6,37803,656967,57.17,False,2018
585,HDFCBANK,IL,02-04,1929.0,1930.0,1975.0,1930.0,1971.5,1971.5,1957.88,224897,440321000.0,31,196366,87.31,True,2018
586,HDFCBANK,EQ,03-04,1931.2,1923.95,1925.7,1911.0,1913.0,1915.9,1917.02,1019971,1955306114.65,48938,592029,58.04,False,2018
587,HDFCBANK,EQ,04-04,1915.9,1912.95,1924.95,1878.45,1883.1,1883.25,1903.29,928527,1767257058.2,34499,456685,49.18,False,2018
588,HDFCBANK,IL,04-04,1971.5,1990.0,1990.0,1990.0,1990.0,1990.0,1990.0,50000,99500000.0,1,50000,100.0,True,2018
589,HDFCBANK,EQ,05-04,1883.25,1901.3,1914.0,1890.2,1913.1,1908.9,1900.56,1214723,2308652574.5,61633,605874,49.88,False,2018
590,HDFCBANK,IL,05-04,1990.0,1950.0,1970.0,1950.0,1970.0,1970.0,1954.04,1236448,2416073600.0,55,1136448,91.91,True,2018
591,HDFCBANK,EQ,06-04,1908.9,1912.2,1926.45,1905.8,1920.1,1923.4,1917.27,930002,1783068526.1,24914,466973,50.21,False,2018
592,HDFCBANK,IL,06-04,1970.0,1965.5,1965.5,1965.5,1965.5,1965.5,1965.5,20000,39310000.0,1,20000,100.0,True,2018
593,HDFCBANK,EQ,09-04,1923.4,1918.8,1942.0,1916.4,1937.0,1939.05,1936.3,1000884,1938008165.25,32002,541199,54.07,False,2018
594,HDFCBANK,IL,09-04,1965.5,1997.0,1997.0,1997.0,1997.0,1997.0,1997.0,97632,194971104.0,6,97632,100.0,True,2018
595,HDFCBANK,EQ,10-04,1939.05,1943.0,1943.0,1913.5,1921.2,1920.85,1920.94,1516809,2913693991.15,55147,947252,62.45,False,2018
596,HDFCBANK,IL,10-04,1997.0,1970.0,1970.0,1970.0,1970.0,1970.0,1970.0,1000,1970000.0,1,1000,100.0,True,2018
597,HDFCBANK,EQ,11-04,1920.85,1915.9,1920.0,1905.4,1918.0,1918.85,1913.82,717703,1373553935.9,64684,382502,53.3,False,2018
598,HDFCBANK,IL,11-04,1970.0,1971.0,1972.0,1971.0,1972.0,1972.0,1971.97,1550000,3056550000.0,75,1550000,100.0,True,2018
599,HDFCBANK,EQ,12-04,1918.85,1916.0,1932.9,1905.9,1925.0,1928.8,1920.27,1178129,2262325817.35,26955,476496,40.45,False,2018
600,HDFCBANK,IL,12-04,1972.0,1971.0,1971.0,1971.0,1971.0,1971.0,1971.0,630000,1241730000.0,15,630000,100.0,True,2018
601,HDFCBANK,EQ,13-04,1928.8,1928.0,1940.0,1919.1,1930.0,1925.0,1928.02,824293,1589255010.75,26003,394398,47.85,False,2018
602,HDFCBANK,EQ,16-04,1925.0,1920.0,1950.0,1919.85,1943.5,1942.1,1938.89,711936,1380367127.0,21855,318462,44.73,False,2018
603,HDFCBANK,EQ,17-04,1942.1,1943.5,1951.0,1934.1,1950.0,1948.5,1944.42,666958,1296845993.15,21401,354286,53.12,False,2018
604,HDFCBANK,EQ,18-04,1948.5,1951.0,1953.5,1930.05,1934.0,1932.6,1942.91,678180,1317640648.7,21302,345977,51.02,False,2018
605,HDFCBANK,IL,18-04,1971.0,1970.0,1972.0,1970.0,1972.0,1972.0,1970.09,660832,1301900704.0,16,660832,100.0,True,2018
606,HDFCBANK,EQ,19-04,1932.6,1940.0,1944.8,1933.0,1939.0,1939.0,1938.07,792258,1535448277.65,36850,456501,57.62,False,2018
607,HDFCBANK,EQ,20-04,1939.0,1941.0,1961.0,1932.15,1959.7,1955.9,1945.78,2340345,4553789223.35,70006,1792050,76.57,False,2018
608,HDFCBANK,EQ,23-04,1955.9,1979.0,1979.0,1860.3,1939.5,1935.75,1947.51,3826155,7451481658.4,76106,1003096,26.22,False,2018
609,HDFCBANK,EQ,24-04,1935.75,1935.0,1948.05,1926.0,1934.1,1935.0,1935.57,1259354,2437572242.55,33400,466047,37.01,False,2018
610,HDFCBANK,EQ,25-04,1935.0,1927.9,1938.0,1912.0,1920.0,1920.75,1924.27,1005148,1934175516.3,42185,468604,46.62,False,2018
611,HDFCBANK,IL,25-04,1972.0,1980.0,1980.0,1980.0,1980.0,1980.0,1980.0,202377,400706460.0,7,202377,100.0,True,2018
612,HDFCBANK,EQ,26-04,1920.75,1916.8,1939.2,1911.25,1926.1,1930.25,1930.42,1961870,3787241208.7,33677,907515,46.26,False,2018
613,HDFCBANK,EQ,27-04,1930.25,1933.0,1935.5,1912.5,1925.0,1923.4,1918.5,1444252,2770792412.6,47025,825792,57.18,False,2018
614,HDFCBANK,IL,27-04,1980.0,1975.0,1975.0,1975.0,1975.0,1975.0,1975.0,520000,1027000000.0,25,520000,100.0,True,2018
615,HDFCBANK,EQ,30-04,1923.4,1930.0,1954.8,1928.8,1945.1,1944.3,1945.7,1152388,2242199201.2,32030,649513,56.36,False,2018
616,HDFCBANK,EQ,02-05,1944.3,1950.0,1978.0,1946.0,1969.55,1969.5,1965.16,1775012,3488178418.55,62881,938108,52.85,False,2018
617,HDFCBANK,EQ,03-05,1969.5,1968.05,1974.9,1946.0,1968.0,1967.9,1963.23,1038193,2038207486.9,30529,365265,35.18,False,2018
618,HDFCBANK,EQ,04-05,1967.9,1970.0,1990.0,1966.3,1985.4,1988.5,1981.08,1720359,3408176310.05,33291,1084558,63.04,False,2018
619,HDFCBANK,EQ,07-05,1988.5,1981.65,1987.3,1975.0,1977.5,1977.4,1980.88,1316032,2606904358.55,32517,781466,59.38,False,2018
620,HDFCBANK,IL,07-05,1975.0,2100.0,2100.0,2100.0,2100.0,2100.0,2100.0,12,25200.0,4,12,100.0,True,2018
621,HDFCBANK,EQ,08-05,1977.4,1979.25,1979.9,1954.6,1966.5,1967.05,1964.31,1775141,3486935564.55,30036,1149021,64.73,False,2018
622,HDFCBANK,IL,08-05,2100.0,2142.0,2142.0,2055.85,2066.65,2066.65,2064.65,15515,32032989.0,511,15515,100.0,True,2018
623,HDFCBANK,EQ,09-05,1967.05,1956.15,1980.5,1956.15,1978.1,1978.4,1973.46,1081833,2134957238.8,30775,618193,57.14,False,2018
624,HDFCBANK,IL,09-05,2066.65,2070.0,2090.0,2069.5,2090.0,2090.0,2069.53,21745,45001921.0,12,21745,100.0,True,2018
625,HDFCBANK,EQ,10-05,1978.4,1988.6,1999.0,1982.0,1985.3,1992.7,1991.88,1792918,3571274019.0,41455,943387,52.62,False,2018
626,HDFCBANK,EQ,11-05,1992.7,1992.7,2017.0,1986.0,2010.65,2011.75,1999.73,1514267,3028118877.9,49338,879712,58.09,False,2018
627,HDFCBANK,IL,11-05,2090.0,2093.0,2125.0,2093.0,2117.2,2117.2,2103.31,230737,485311658.0,43,230737,100.0,True,2018
628,HDFCBANK,EQ,14-05,2011.75,2017.2,2027.4,2012.4,2024.0,2021.75,2021.18,1185729,2396569105.7,35034,663572,55.96,False,2018
629,HDFCBANK,IL,14-05,2117.2,2120.0,2140.0,2120.0,2140.0,2140.0,2127.07,777469,1653734280.0,39,777469,100.0,True,2018
630,HDFCBANK,EQ,15-05,2021.75,2027.05,2065.0,2026.7,2040.25,2037.8,2046.53,2456671,5027645858.0,52626,1289131,52.47,False,2018
631,HDFCBANK,IL,15-05,2140.0,2160.0,2160.0,2160.0,2160.0,2160.0,2160.0,152189,328728240.0,7,152189,100.0,True,2018
632,HDFCBANK,EQ,16-05,2037.8,2030.55,2049.0,2017.15,2027.5,2023.35,2031.04,1710401,3473886890.25,56061,1109107,64.84,False,2018
633,HDFCBANK,IL,16-05,2160.0,2130.0,2130.0,2095.0,2095.0,2095.0,2099.59,1154139,2423217020.0,46,1076368,93.26,True,2018
634,HDFCBANK,EQ,17-05,2023.35,2023.85,2044.45,2012.5,2040.85,2027.75,2022.12,1653869,3344316980.15,28827,747275,45.18,False,2018
635,HDFCBANK,EQ,18-05,2027.75,2024.7,2024.7,2003.5,2011.9,2012.15,2014.47,1304365,2627602348.9,47647,660982,50.67,False,2018
636,HDFCBANK,IL,18-05,2095.0,2111.0,2111.0,2111.0,2111.0,2111.0,2111.0,200000,422200000.0,6,200000,100.0,True,2018
637,HDFCBANK,EQ,21-05,2012.15,2016.1,2021.0,1986.05,1997.1,1993.05,1993.75,1212027,2416479609.35,37162,711864,58.73,False,2018
638,HDFCBANK,IL,21-05,2111.0,2030.0,2035.0,2030.0,2030.0,2030.0,2031.11,450000,914000000.0,17,350000,77.78,True,2018
639,HDFCBANK,EQ,22-05,1993.05,1998.7,2013.95,1985.5,1989.9,1989.9,1997.96,990093,1978165831.95,57895,582922,58.88,False,2018
640,HDFCBANK,EQ,23-05,1989.9,1987.8,1994.0,1963.4,1965.0,1967.5,1976.78,1431573,2829907721.45,43333,733712,51.25,False,2018
641,HDFCBANK,EQ,24-05,1967.5,1967.1,1990.25,1956.35,1989.2,1986.0,1970.67,1130186,2227221743.05,22930,343874,30.43,False,2018
642,HDFCBANK,EQ,25-05,1986.0,1990.0,2016.0,1989.9,2008.0,2008.7,2004.87,1189897,2385592681.1,34306,609785,51.25,False,2018
643,HDFCBANK,EQ,28-05,2008.7,2007.8,2052.0,2006.0,2038.25,2042.2,2037.48,1275985,2599796071.15,35912,612923,48.04,False,2018
644,HDFCBANK,EQ,29-05,2042.2,2038.0,2052.7,2028.8,2031.6,2032.6,2042.07,837811,1710866826.8,37142,336056,40.11,False,2018
645,HDFCBANK,EQ,30-05,2032.6,2019.7,2053.0,2016.3,2050.5,2048.35,2040.97,1216749,2483350965.9,40713,505099,41.51,False,2018
646,HDFCBANK,EQ,31-05,2048.35,2100.0,2160.0,2080.0,2130.0,2139.45,2118.27,9909798,20991620343.45,172676,4103328,41.41,False,2018
647,HDFCBANK,IL,31-05,2030.0,2202.0,2202.0,2202.0,2202.0,2202.0,2202.0,25000,55050000.0,1,25000,100.0,True,2018
648,HDFCBANK,EQ,01-06,2139.45,2116.0,2138.0,2101.0,2106.95,2110.6,2116.77,5287839,11193143671.65,99119,1532118,28.97,False,2018
649,HDFCBANK,EQ,04-06,2110.6,2150.0,2157.0,2037.95,2045.0,2046.2,2098.04,22199081,46574473923.0,245711,13914623,62.68,False,2018
650,HDFCBANK,IL,04-06,2202.0,2075.0,2090.0,2075.0,2087.0,2087.0,2084.83,285779,595799525.0,22,285779,100.0,True,2018
651,HDFCBANK,EQ,05-06,2046.2,2050.0,2066.95,2023.0,2064.85,2063.6,2050.5,4276365,8768700389.8,107261,2076336,48.55,False,2018
652,HDFCBANK,EQ,06-06,2063.6,2060.2,2064.8,2045.0,2057.4,2057.35,2057.29,2445500,5031101788.0,95270,1579516,64.59,False,2018
653,HDFCBANK,EQ,07-06,2057.35,2073.2,2079.8,2053.2,2061.9,2062.2,2070.16,2640974,5467251083.65,78397,1574412,59.61,False,2018
654,HDFCBANK,EQ,08-06,2062.2,2059.0,2061.25,2035.0,2048.95,2049.35,2046.16,1545222,3161769178.3,104515,884695,57.25,False,2018
655,HDFCBANK,EQ,11-06,2049.35,2051.9,2062.95,2038.8,2041.75,2042.3,2051.22,1772797,3636404884.75,57753,1138924,64.24,False,2018
656,HDFCBANK,EQ,12-06,2042.3,2051.9,2052.7,2038.4,2045.0,2043.85,2045.45,1308564,2676605962.7,54586,871913,66.63,False,2018
657,HDFCBANK,EQ,13-06,2043.85,2052.0,2054.8,2024.1,2032.0,2031.45,2034.95,1974490,4017987612.55,103434,1353016,68.52,False,2018
658,HDFCBANK,EQ,14-06,2031.45,2030.0,2045.0,2025.0,2035.0,2037.4,2039.58,4231894,8631283806.05,96797,2913891,68.86,False,2018
659,HDFCBANK,IL,14-06,2087.0,2060.0,2060.0,2060.0,2060.0,2060.0,2060.0,1,2060.0,1,1,100.0,True,2018
